D_m,k,stft_E_0_20,rfft_E_0_20,stft_E_20_60,rfft_E_20_60,stft_E_60_150,rfft_E_60_150,stft_E_total,rfft_E_total,stft_E_0_20_dB_vs_k0,rfft_E_0_20_dB_vs_k0,stft_E_20_60_dB_vs_k0,rfft_E_20_60_dB_vs_k0,stft_E_60_150_dB_vs_k0,rfft_E_60_150_dB_vs_k0
5,0.0,110891982.48187259,423584971.64937645,159205178.36659318,425736461.4339279,517037566.5728076,1340394083.27043,1357028486.0636313,3730484283.442668,0.0,0.0,0.0,0.0,0.0,0.0
5,0.01,98106883.85172738,381563661.3139245,50848754.477176234,122591322.47963831,2716626.2061076197,6114686.39556237,151681192.81077164,510293804.6249247,-0.5320066615623965,-0.45373535965349926,-4.956768701600775,-5.406811160277854,-22.794922130951257,-23.408583138713865
5,0.02,82838277.95170255,330454925.6058148,17260118.943947114,34930324.93732768,209849.212277948,385407.1968476235,100314422.70289409,365787879.1388815,-1.2666908551512446,-1.078283137518262,-9.649134054293615,-10.859382204844168,-33.916147556044685,-35.41312681984386
5,0.05,44927458.45274537,198443770.08561108,8207113.318828418,17288164.679573346,190858.67775049643,468323.8960976412,53330611.42501752,216214915.4709991,-3.923882964442357,-3.2930307411554454,-12.87766759715874,-13.913919553440238,-34.328101881675046,-34.56686184013459
5,0.1,17016292.10594438,86701341.06119873,5060101.438433921,11280226.646152018,151625.9403139191,345095.43204314046,22228695.153945886,98328657.3455094,-8.140352155174885,-6.889147283767937,-14.977979665478463,-15.768230204126647,-35.32748591744549,-35.89293291453773
5,0.2,2542667.5801388384,17021357.603109114,717614.9448517046,1593596.6291769403,17907.76118209323,38137.57445100616,3278191.6534134774,18653126.384373862,-16.39610562006467,-13.959463474578833,-23.46065715026758,-24.267624436921867,-44.60480804922216,-45.458794336493796
10,0.0,78287855.74374095,314750644.6252378,159917156.5175565,437605020.9260285,540186621.3985662,1395986652.8097186,1383169913.1658406,3782533412.444376,0.0,0.0,0.0,0.0,0.0,0.0
10,0.01,63808255.35803281,272325136.755684,46484094.63739071,116294030.609826,8609354.256767917,20906631.065288357,118958961.04675734,409676799.3377663,-0.8881752784082868,-0.6287889784010531,-5.365906823013878,-5.755248733968827,-17.975732454870812,-18.245972105589303
10,0.02,51529271.590651736,234797582.78134477,14304869.625706963,31593299.508763157,697208.3391654671,1604830.1734370613,66554973.36526039,268060691.91457134,-1.8164039477987524,-1.27273006659431,-10.484111549926203,-11.414873116185065,-28.891812509985368,-29.39452184766051
10,0.05,29118398.000901826,155153035.34384453,2145791.3792918385,3988281.9776739837,84052.4989742964,219726.85553845495,31354559.988676064,159379082.17574385,-4.295269203334955,-3.0720635189366274,-18.72307562818474,-20.402964402826335,-38.07993193948979,-38.029981252988385
10,0.1,15803974.497254014,85112722.95608485,2797679.0415840023,5603538.979853951,91661.27792521985,209491.20346129374,18693613.79886634,90926652.1424288,-6.94928077976158,-5.6797214339871385,-17.570971695970737,-18.926198989366718,-37.703579161671506,-38.23715474313582
10,0.2,2528008.5902758474,17029830.887732446,690289.3970103296,1531188.1709674378,18984.590917956557,40591.62790541987,3237284.110887717,18601645.10075821,-14.909158528054947,-12.667562929522706,-23.64863856415433,-24.560537309464717,-44.54142580622883,-45.36444797153767
20,0.0,59935235.526625454,229145897.3349585,218241095.5210559,591224855.099608,503246753.1220896,1309403925.0563912,1402269587.1022062,3800761330.9647055,0.0,0.0,0.0,0.0,0.0,0.0
20,0.01,41902000.84970707,177608577.5708778,74038913.71900171,193656362.86066678,10119512.489279166,24895070.28834126,126198930.14798297,396549666.73156995,-1.5544745498313006,-1.1064814985751072,-4.694764947779374,-4.847209125838995,-16.96621390828816,-17.209602816315495
20,0.02,32492891.748925768,150454389.84080616,22338141.35943848,55404928.86348133,1207356.2427200275,2890811.844064864,56057740.787008025,208806786.92374784,-2.658938526175634,-1.8270722220555147,-9.89889498144404,-10.282042819098944,-26.199455495591355,-26.56053813009306
20,0.05,13674193.407032123,94570690.6917735,2338801.0166659416,5469043.0633774055,44905.59746464471,114713.79262851771,16058853.544005558,100157238.3161974,-6.417804980638799,-3.843555250786457,-19.699432590910803,-20.33841340482138,-40.494805025524116,-40.57457999927789
20,0.1,7064309.854725318,61092127.06867898,447623.7450333869,951722.0923674335,26607.62112588419,69923.11826988915,7538673.215194375,62114196.61871568,-9.286124762985802,-5.741268395745948,-26.880234166169284,-27.93242532789825,-42.767749336957394,-42.72452850703381
20,0.2,3106753.8386899643,19980422.90470953,628781.3395993054,1337228.51118119,19446.89556689589,42731.89166869808,3754987.4344341657,21360432.166043837,-12.853753726877152,-10.59507409727865,-25.40436888416192,-26.455470558607015,-44.12930699590759,-44.86321519698593
50,0.0,88385184.3088446,270117832.9085953,223941826.72277504,627001037.7771792,480622247.5257983,1212480944.714452,1417055824.4177861,3797822931.690609,0.0,0.0,0.0,0.0,0.0,0.0
50,0.01,63358150.962072216,200506916.32601082,73968123.0260484,189972791.27847534,9048846.279504063,18888273.49130367,146439557.59372857,409546559.60551745,-1.4457697752923802,-1.2942389896431301,-4.810906180573921,-5.185768557710844,-17.252106594489778,-18.074826595293775
50,0.02,42096549.98543501,140436960.64685228,28213459.48704201,68238704.3595852,2569197.7221404654,4966283.503850745,72921691.83074409,213757392.6224267,-3.221329671146851,-2.840718349773559,-8.996788746030443,-9.632374873128631,-22.720063416975247,-23.87643414041376
50,0.05,8440772.619604757,43396797.028502695,3110008.8445423413,7709076.311154218,401959.0133214092,860346.166850773,11960819.71012352,51987935.059447214,-10.199972706337547,-7.940955799386936,-18.57373592366866,-19.10265914933779,-30.7762209848999,-31.490016938702624
50,0.1,2018347.4659754215,22598300.57277529,262723.78243881225,482264.11892663356,2725.393946646959,7355.804721035876,2283806.190905725,23088016.35228427,-16.413835381517114,-10.77477476063061,-29.306358284544093,-31.139833085978964,-52.46374583017114,-52.170447307364014
50,0.2,519766.6842817298,11432145.17077137,63254.379949843686,102828.31622530478,1680.3235642839463,3484.1660341921315,584701.7632956823,11538512.235564798,-22.305710330000615,-13.734255261262456,-35.490446135579354,-37.85155535196098,-54.56410952164138,-55.415760793130474
100,0.0,90484291.56668265,271251103.1414197,225597012.35963136,633852109.8102744,489457674.2885165,1243799032.7334216,1444915950.5338953,3892714073.799405,0.0,0.0,0.0,0.0,0.0,0.0
100,0.01,65553418.34265614,200558798.7654694,72764323.15535292,194871917.13332278,8344915.034552577,18818980.088554896,146712543.29624808,414394650.35248584,-1.3997784719994226,-1.3112979329889864,-4.914148499262285,-5.122386825106391,-17.682932230922653,-18.201541319879354
100,0.02,45505189.47541236,143746735.9074696,27604405.170090854,71811678.31407765,2167487.5924964044,4608428.903168434,75308538.39239654,220255387.08261874,-2.985122634663477,-2.757735212350042,-9.123549506345013,-9.45792863476557,-23.537585221800313,-24.31197322967646
100,0.05,13309358.288001332,47605636.156887814,4760941.395191893,12900297.179881204,445501.98708055227,1085456.1277078611,18525826.53083624,61620443.56629654,-8.324160740685585,-7.557131400427002,-16.756405083142383,-16.913882251260077,-30.408654968038327,-30.59137940039144
100,0.1,2126065.14864609,12437792.024198776,631402.7365575973,1552761.3236314266,56738.42438678169,141378.3579730921,2814839.5682232697,14134618.9226592,-16.289966220957552,-13.38628222498242,-25.530268840411765,-26.108832351838327,-39.358378709048566,-39.443672814610935
100,0.2,227512.69952287927,4528002.539605902,14088.741573539233,30142.310025218838,21.061882036541224,988.3321354217771,241622.5299476805,4559634.400865658,-25.995675469603157,-17.77464851315287,-42.044611408335946,-43.2281140782889,-73.66217966231974,-60.99847298146629
