friction_model,n_total,x1,spacing_m,P_1,P_2,P_3,P_4,alpha_2,alpha_3,alpha_4
steady,4,2000.0,10.0,2.0428518898348846,0.8069496814033619,0.5912287133717731,0.4867642761500487,0.3950113492900282,0.2894134010956417,0.2382768318017376
steady,4,2000.0,20.0,1.99902501023102,0.8865551434377966,0.6129573021868227,0.4972865994419728,0.4434937726643754,0.3066281307385871,0.2487645711768775
steady,4,2000.0,30.0,1.79005870525476,0.7592511856727426,0.479451632049012,0.3149940270600271,0.4241487630790782,0.2678412895854031,0.1759685456881132
steady,4,2000.0,40.0,1.8089158714910412,0.6529250304869904,0.267836116360739,0.2100483131605043,0.3609482567858734,0.1480644404650885,0.1161183427438043
steady,4,2000.0,50.0,1.7585675698786984,0.6854814851877533,0.2679430597006131,0.217865954183623,0.3897953635270529,0.1523643812669053,0.123888304274058
steady,4,2000.0,60.0,1.5711275011265573,0.7270992942930217,0.2865645366278047,0.1695525852393342,0.4627882165971025,0.1823941955203045,0.1079177756851424
steady,4,2000.0,70.0,1.5510792657957715,0.7726507477664869,0.3369312159717744,0.2845105058766375,0.4981375000007387,0.2172237250550274,0.1834274444579537
steady,4,2000.0,80.0,1.5896958392367682,0.8305550274569692,0.3944769330807567,0.3281283728535497,0.5224615973428782,0.2481461694396519,0.2064095311535117
steady,4,2000.0,90.0,1.85035427260245,1.1432128832758162,0.8876989535118547,0.7044598757395143,0.6178345953545061,0.4797454015459111,0.3807162153595156
steady,4,2000.0,100.0,1.8561996917455463,1.1468980646346425,0.8859909769514956,0.6904753770007821,0.6178742889220686,0.4773144726246135,0.3719833485972987
steady,4,2500.0,10.0,1.954698453109757,1.0569532660599208,0.7633283953178535,0.5707853064883827,0.5407244602759055,0.3905095407956473,0.2920068338829001
steady,4,2500.0,20.0,1.876289574044654,0.9911543525425168,0.694720123116126,0.4605402474585408,0.5282523370877762,0.3702627423434119,0.2454526496492594
steady,4,2500.0,30.0,1.740404409693751,0.8178189361483069,0.3704734732690488,0.2849758579245671,0.4699016685967911,0.2128663149814926,0.1637411720731693
steady,4,2500.0,40.0,1.7356357841089924,0.8248303243499999,0.3785865730392542,0.2893808701648098,0.4752323799162942,0.218125586315683,0.1667290296814009
steady,4,2500.0,50.0,1.7386981460648736,0.8325531599362268,0.3776174211037809,0.2810547718167974,0.4788370895894214,0.2171840016959973,0.1616466736637969
steady,4,2500.0,60.0,1.7526804978596116,0.8471506311965455,0.385217759982457,0.2999973512657282,0.4833457280041018,0.2197877824582907,0.1711648823799247
steady,4,2500.0,70.0,1.7750275899333054,0.8641661604416507,0.3875625251596463,0.3043697316827831,0.4868466075358979,0.2183416907757521,0.1714732398577644
steady,4,2500.0,80.0,1.9633171738948072,1.0855603323908989,0.7538048785050995,0.5045359909817555,0.5529215283322643,0.3839445243631774,0.2569813974483106
steady,4,2500.0,90.0,2.097927760757326,1.1971459991319615,0.8590807383664725,0.6447813866476836,0.5706326125832888,0.4094901428142383,0.3073420347013881
steady,4,2500.0,100.0,2.1223531875351123,1.2118343153222375,0.8598844657225444,0.6535321433130916,0.570986168767534,0.4051561591033813,0.3079280805623591
steady,4,3000.0,10.0,2.7381188339228206,1.4213945938551305,0.9639954071434772,0.6337949386001847,0.5191135520655037,0.3520648538699067,0.2314709393719649
steady,4,3000.0,20.0,2.843533027747177,1.317242555402624,0.6137136877841539,0.4497489597755938,0.4632415176996292,0.2158278739144366,0.1581655480653631
steady,4,3000.0,30.0,3.121821177501196,1.442055016149863,0.5363695473830138,0.3235209844584329,0.4619274885258256,0.1718130273599914,0.1036321320356309
steady,4,3000.0,40.0,3.050455566261772,1.513640030048079,0.5957070219132494,0.3268113836160571,0.4962013040901273,0.1952846087980451,0.1071352709512019
steady,4,3000.0,50.0,3.063474470422541,1.541040419006276,0.6093870643008155,0.4362611943638836,0.5030368080050369,0.1989202358904474,0.142407321678679
steady,4,3000.0,60.0,3.0875232841278337,1.4644582190748356,0.5924020709393347,0.4367277923146014,0.4743148745155187,0.1918696691243502,0.1414492303781827
steady,4,3000.0,70.0,3.039887658454606,1.5270172685933854,1.06411342164539,0.6931700025009067,0.5023268752535671,0.3500502456680768,0.2280248747262241
steady,4,3000.0,80.0,3.090150687806821,1.581300291184144,1.157552585415549,0.8778313282320602,0.5117227122365491,0.374594219622701,0.2840739552591479
steady,4,3000.0,90.0,3.147049222406161,1.635703331845632,1.2000454683355688,0.9080057058563726,0.5197577845938524,0.3813240224498432,0.2885260578041205
steady,4,3000.0,100.0,3.1586102046321627,1.7053811517808368,1.208857668005572,0.9204506347807448,0.5399150389876732,0.3827182177252384,0.2914100110962999
steady,4,3500.0,10.0,2.4638500278493027,1.1474896880524184,0.4654428683427538,0.2808695051381336,0.465730330613533,0.1889087659889102,0.1139961856295713
steady,4,3500.0,20.0,2.452639840555197,1.1805539606768989,0.4942643462824339,0.3001790933698757,0.4813401222454496,0.2015234108610699,0.1223902052010722
steady,4,3500.0,30.0,2.5101351490257344,1.1795983816384843,0.4834423476418702,0.2904277364772653,0.4699342113496659,0.1925961428130712,0.1157020316575343
steady,4,3500.0,40.0,2.6214198461266145,1.2269809287568405,0.5045139670360113,0.4038334827964835,0.4680596778764057,0.1924582846892978,0.154051432620831
steady,4,3500.0,50.0,2.684522784842691,1.2463730464015892,0.5194256172265835,0.419822555795537,0.4642810459418859,0.1934889955709655,0.1563862889024195
steady,4,3500.0,60.0,2.921854718912248,1.3742779348354257,0.935290301871974,0.6313046781527007,0.4703443761047241,0.320101576515127,0.2160629938464988
steady,4,3500.0,70.0,2.951085304286736,1.4580903590907088,1.0419765052340229,0.8095598593185576,0.4940861441628583,0.3530824756981615,0.2743261464324985
steady,4,3500.0,80.0,2.9687745955236435,1.4631636801482948,1.045404167758467,0.8122685189854715,0.4928510511894273,0.3521332233625081,0.2736039712176938
steady,4,3500.0,90.0,2.944222665789115,1.494916213750402,1.0645148068900518,0.8140212541400219,0.5077456372851245,0.3615605637642012,0.2764808734063076
steady,4,3500.0,100.0,2.9073398318037893,1.4202963245589717,0.9625435985213252,0.6409390042876442,0.4885209183399048,0.3310736460842756,0.2204554821133479
steady,4,4000.0,10.0,3.070480697171682,1.622774297791335,1.1162390035213337,0.8270239993945507,0.528508223251859,0.3635388441130853,0.2693467508707509
steady,4,4000.0,20.0,3.0678537265601915,1.621356328759607,1.1321341078721032,0.8407350089638449,0.5284985769440645,0.369031319215307,0.2740466410393408
steady,4,4000.0,30.0,3.129656641725955,1.5512496452600797,1.043368670344542,0.6820123460427445,0.4956612890302849,0.3333811947399894,0.2179192237735785
steady,4,4000.0,40.0,3.364163418402016,1.552634822592253,1.0521417263405817,0.6800119750072359,0.4615218196890558,0.3127498862229323,0.2021340495195809
steady,4,4000.0,50.0,3.266487517681423,1.4321607999590935,0.6155992499729129,0.4322155598219815,0.4384406161685417,0.1884590853755565,0.1323181421886379
steady,4,4000.0,60.0,3.109599447110253,1.4027851594168463,0.6011702120415692,0.4295347959548524,0.4511144227017575,0.1933272185908818,0.1381318730147121
steady,4,4000.0,70.0,3.025455293870975,1.4512975405986557,0.6060286729226649,0.3222783583491783,0.4796955828561479,0.2003099084459682,0.1065222675747534
steady,4,4000.0,80.0,2.852894001656314,1.3989611414462353,0.5971248692241802,0.3066241834307573,0.490365621938297,0.2093049615153964,0.1074782951111186
steady,4,4000.0,90.0,2.669887680949397,1.3140526140517303,0.5573771020895129,0.408232012408887,0.4921752414635138,0.2087642510456892,0.1529023169483002
steady,4,4000.0,100.0,2.8037725206303388,1.5071678206274617,1.0454359977892165,0.7693724374824434,0.5375499651050945,0.3728676239234214,0.274406155214573
steady,4,4500.0,10.0,2.889492727319368,1.3602801739353247,0.9432464225652084,0.7047155263813484,0.4707678136976244,0.3264401441980006,0.2438890119772425
steady,4,4500.0,20.0,3.0426296613382,1.4293800798480152,0.9099985143177944,0.649492912448454,0.4697844427176687,0.2990829038055068,0.2134643334025726
steady,4,4500.0,30.0,2.941686164292264,1.3830119072306866,0.8546030170096698,0.5106343147452552,0.4701425746969251,0.2905146807920203,0.1735855853501993
steady,4,4500.0,40.0,2.853221125283879,1.2775632206453105,0.4594269269825992,0.3558064417440115,0.4477617277273595,0.1610204420931058,0.1247034232962265
steady,4,4500.0,50.0,2.7958328290027508,1.2672883460393582,0.474898079280601,0.3653506603108909,0.4532775825840019,0.1698592542280122,0.1306768618355512
steady,4,4500.0,60.0,2.6715861709540154,1.2439616059805343,0.5217644733938768,0.2614311196372453,0.4656266077078545,0.1953013827764935,0.097856143469963
steady,4,4500.0,70.0,2.5494786071634032,1.169097446209202,0.4897785352717505,0.3521434212187456,0.4585633481780657,0.192109293992738,0.1381237011478778
steady,4,4500.0,80.0,2.5007071782072368,1.1466203672303048,0.4775746766471004,0.3512466115877001,0.4585184451912997,0.1909758490754103,0.1404589128422103
steady,4,4500.0,90.0,2.630463854009256,1.3324196759598113,0.9171725701828553,0.6870610642375896,0.5065341133385985,0.348673321925688,0.261193881524126
steady,4,4500.0,100.0,3.5453017370400866,1.8654816294203755,1.188312483222641,0.7996277229310831,0.5261841636581925,0.3351795055432273,0.2255457453950531
