x1,spacing_m,n_total,A_fit,gamma_local,R2_local,P_1
2000.0,10.0,2,2.285617513806893,0.5755718628723127,1.0,2.285617513806893
2000.0,10.0,3,1.7930675064938177,0.5418707212457513,0.9791495979558278,1.819158277989421
2000.0,10.0,4,1.969835284753982,0.6482734474861007,0.9356871969109474,2.0428518898348846
2000.0,10.0,5,2.0501254527650548,0.5392386223288815,0.9033408627584106,2.1815653179856374
2000.0,10.0,6,2.0751854633520486,0.400752658425917,0.9417926776975076,2.21424639331295
2000.0,10.0,7,1.9575589740302541,0.3693010190639219,0.9270155654886746,2.1174476032432503
2000.0,10.0,8,1.6867501536268343,0.27456272145354804,0.9258094333577017,1.8636942966668948
2000.0,20.0,2,2.2787264300579264,0.5738698897866802,1.0,2.2787264300579264
2000.0,20.0,3,1.7760206676866388,0.5366027498496636,0.9811126801569169,1.80066057269759
2000.0,20.0,4,1.9343464090846014,0.5935335638559268,0.9525033366031624,1.99902501023102
2000.0,20.0,5,2.0201153617066097,0.5816933253564462,0.9283884731496608,2.126748158268585
2000.0,20.0,6,1.9620612157055923,0.4029723226247111,0.9765623088775,2.046646152434848
2000.0,20.0,7,1.9706039159220121,0.45635780281817007,0.9235192636745488,2.132957309096535
2000.0,20.0,8,1.7379303778987223,0.32701893573645013,0.9690760797975257,1.8572875424348496
2000.0,30.0,2,2.2734491651710904,0.5681620622502022,1.0,2.2734491651710904
2000.0,30.0,3,1.7414741685127684,0.5199217655130034,0.9835295854092245,1.764144788841058
2000.0,30.0,4,1.7551558612481237,0.6960508589878617,0.9802257967109811,1.79005870525476
2000.0,30.0,5,1.8787551853417315,0.5592702964525772,0.9803868667773953,1.9339738902781665
2000.0,30.0,6,1.7953123915869378,0.4596107472346999,0.9948950456221918,1.830037565823546
2000.0,30.0,7,1.701312607116943,0.48240068931864705,0.9908591854433562,1.7485424180073943
2000.0,30.0,8,1.6016512090316553,0.4337548394898903,0.984353007472726,1.6685000164926986
2000.0,40.0,2,2.2556855319420506,0.5612986444252734,1.0,2.2556855319420506
2000.0,40.0,3,1.489744879303875,0.8155777136426888,0.9996130986295596,1.4872575826138446
2000.0,40.0,4,1.7971186989836276,0.9458961948476599,0.9920460792831877,1.8089158714910412
2000.0,40.0,5,1.6870402540421137,0.6041962571348861,0.984536666790049,1.7136767922383662
2000.0,40.0,6,1.7958172678249258,0.7086377315183845,0.9829318964786846,1.8159227468021264
2000.0,40.0,7,1.6413400778153355,0.5799880944340866,0.9752712646189519,1.6853530669962469
2000.0,40.0,8,1.596592512537274,0.5499138665557182,0.972974776713585,1.6509576108955917
2000.0,50.0,2,2.238217964423477,0.5418662701991904,1.0,2.238217964423477
2000.0,50.0,3,1.4812477022140786,0.8211149075637202,0.9994066900256744,1.478198469689306
2000.0,50.0,4,1.7491833655733486,0.89468253992824,0.9926851364351557,1.7585675698786984
2000.0,50.0,5,1.556168798443807,0.6488743264139946,0.9877717399364053,1.5775269663796654
2000.0,50.0,6,1.9244961938195493,0.8050414110448629,0.9774244777580786,1.9565598551726824
2000.0,50.0,7,1.6895421910716446,0.5527753840485293,0.9777227524066883,1.7370190189433838
2000.0,50.0,8,1.7068339996235977,0.5583598369065533,0.9720138907725967,1.7628680094351796
2000.0,60.0,2,2.229632342246466,0.5228318592323649,1.0,2.229632342246466
2000.0,60.0,3,1.4962309297456464,0.8046912397389098,0.9989090605813153,1.4919777152037887
2000.0,60.0,4,1.5736639585940246,0.7946702643107023,0.9982962727324464,1.5711275011265573
2000.0,60.0,5,1.5903761644409669,0.6670367624284803,0.9957275611874966,1.6016407380638251
2000.0,60.0,6,1.9719296638575832,0.8335872035694153,0.986254740159623,1.9972713628001049
2000.0,60.0,7,1.8241267215166515,0.6559484634017622,0.9913556132184669,1.8410056791863476
2000.0,60.0,8,1.8201237436696127,0.5895305754428333,0.9892308932512756,1.8519540612255232
2000.0,70.0,2,2.2119332393887454,0.5140037866621553,1.0,2.2119332393887454
2000.0,70.0,3,1.5925318525742402,0.8145419606804749,0.996164905763048,1.5840607552814123
2000.0,70.0,4,1.5436939630794249,0.682514633048375,0.9896316306766891,1.5510792657957715
2000.0,70.0,5,1.559430497182044,0.6519878768682281,0.9855071567517597,1.581916832034039
2000.0,70.0,6,1.9839072474843067,0.7312297211467764,0.9768295577338965,2.017967926850536
2000.0,70.0,7,1.8421941106164472,0.5840647960430332,0.981043139822972,1.8885481657465293
2000.0,70.0,8,1.7852188577442747,0.5199239062167265,0.9665219294025232,1.8673476686800508
2000.0,80.0,2,2.2007728448832173,0.49983813236916813,1.0,2.2007728448832173
2000.0,80.0,3,1.631529169700842,0.835971279054867,0.9972133675389313,1.6243055231314838
2000.0,80.0,4,1.5793942856045393,0.6263220180122215,0.9890466653009884,1.5896958392367682
2000.0,80.0,5,1.5579907301258031,0.6473637606100472,0.984926392505932,1.5819437479908165
2000.0,80.0,6,2.0882827236222017,0.7785209802624373,0.980157603785824,2.1250299344619843
2000.0,80.0,7,2.027727098766888,0.5953443114675855,0.9883564779030966,2.0639265135512592
2000.0,80.0,8,1.81984211330248,0.518730248189953,0.964645681764429,1.9069150800284087
2000.0,90.0,2,2.199812297185495,0.5155709776625587,1.0,2.199812297185495
2000.0,90.0,3,1.931015506488259,0.6374730791134546,0.9777092898893631,1.958728298726607
2000.0,90.0,4,1.7945880828835736,0.35195605689527437,0.9687526640875891,1.85035427260245
2000.0,90.0,5,1.7969614945632495,0.34791935524100887,0.9547432871059934,1.890106744077669
2000.0,90.0,6,2.1351208724663766,0.3988199555984863,0.9494331820625975,2.271399391383645
2000.0,90.0,7,2.0876211720847277,0.31930436816047036,0.9546922591577736,2.244493995258772
2000.0,90.0,8,2.0937677675690316,0.2540867964768095,0.9465413383820518,2.2980599339578025
2000.0,100.0,2,2.184525990292413,0.5150984383226623,1.0,2.184525990292413
2000.0,100.0,3,1.9446365168238375,0.6375024655671255,0.978856601664752,1.971819831846288
2000.0,100.0,4,1.8036306427495146,0.35779067536797704,0.9726851571865992,1.8561996917455463
2000.0,100.0,5,1.8508755498910718,0.3511213779961788,0.9571778076516482,1.944313987805138
2000.0,100.0,6,2.144891001079297,0.37003511593407573,0.9410171145991497,2.296126503807219
2000.0,100.0,7,2.096718306698753,0.2929278680566432,0.9351527790234496,2.2853389697542887
2000.0,100.0,8,2.060980550243614,0.2374640818689494,0.9178361436783425,2.309570617534773
2500.0,10.0,2,1.074902898982332,0.8560399227493819,1.0,1.074902898982332
2500.0,10.0,3,1.5860382877878823,0.617332807827423,0.9821238886697468,1.6066834463182844
2500.0,10.0,4,1.8995494778184117,0.46509632460206235,0.9717413986172659,1.954698453109757
2500.0,10.0,5,2.2660553827886205,0.379961459101021,0.9559830168896186,2.3780138679772564
2500.0,10.0,6,2.83594525031625,0.3652925691177273,0.9608199938570946,3.0017446129398437
2500.0,10.0,7,2.8760849176999654,0.37962788368618083,0.9298205112210859,3.130447468556893
2500.0,10.0,8,2.604146188009774,0.3111463477252127,0.948547736263526,2.83425398707178
2500.0,20.0,2,1.050859583264585,0.877620238659079,1.0,1.050859583264585
2500.0,20.0,3,1.6669811664571537,0.5617544385298805,0.9807077248001429,1.6901447448354243
2500.0,20.0,4,1.8362848768275948,0.5111453143395496,0.9834621417496368,1.876289574044654
2500.0,20.0,5,2.1454275922970125,0.45332006312433654,0.986094151973808,2.2045928307039007
2500.0,20.0,6,2.857055735306783,0.4338189748317736,0.9952178993394769,2.902292494822057
2500.0,20.0,7,3.095308374770698,0.4932984614024785,0.9820947451520841,3.217715970249409
2500.0,20.0,8,2.7291480772666983,0.42317321867727403,0.9945848067658454,2.797380094538833
2500.0,30.0,2,1.0392346714528864,0.8605234954139853,1.0,1.0392346714528864
2500.0,30.0,3,1.4964593361880747,0.7843704947345923,0.9997780638420299,1.49451176561451
2500.0,30.0,4,1.7297613715340947,0.7208553086668174,0.9928411275367561,1.740404409693751
2500.0,30.0,5,1.9968274186459067,0.6266091806894659,0.9823104522009543,2.029137190375153
2500.0,30.0,6,2.622959472845561,0.5945763513086618,0.9882665289936537,2.657848395706606
2500.0,30.0,7,2.6879275885369496,0.5825668039112207,0.9793677617234738,2.7545129991019235
2500.0,30.0,8,2.638578695204821,0.5418075415218825,0.9770715237464601,2.7182269944857462
2500.0,40.0,2,1.039898981282901,0.8636561108792751,1.0,1.039898981282901
2500.0,40.0,3,1.482471561873306,0.7908142554145197,0.9996653589416624,1.4801148413224807
2500.0,40.0,4,1.7248890870648983,0.7098531151537004,0.9929632992620864,1.7356357841089924
2500.0,40.0,5,2.023869859865735,0.6264160072646903,0.9873325473900955,2.049992664399401
2500.0,40.0,6,2.7939618181889285,0.6607731757993176,0.9863049365438241,2.831409462292409
2500.0,40.0,7,2.7064096143455965,0.5824969648367953,0.9856652515428551,2.757250963226497
2500.0,40.0,8,2.671014763167819,0.5156505588885815,0.9822914407461698,2.74768947863916
2500.0,50.0,2,1.039359708408577,0.8460325909307133,1.0,1.039359708408577
2500.0,50.0,3,1.4765129006458086,0.7949781626420427,0.9992082816826646,1.4729083596069843
2500.0,50.0,4,1.7300798970854228,0.7115660351531892,0.9941832566700974,1.7386981460648736
2500.0,50.0,5,2.0866010298619315,0.6384691927083749,0.9891768920729689,2.1072683780230173
2500.0,50.0,6,3.0005064939267663,0.7418154522656629,0.9816855304281727,3.0397044613816955
2500.0,50.0,7,2.599297619207778,0.5879510431407271,0.9784022987563613,2.66093440306176
2500.0,50.0,8,2.668257277356572,0.5132309122718463,0.981008175556414,2.740647424339413
2500.0,60.0,2,1.0700214697238568,0.8047766321380224,1.0,1.0700214697238568
2500.0,60.0,3,1.4687407151023315,0.7876334388323922,0.9993464156950362,1.4654623710794177
2500.0,60.0,4,1.7426998575132953,0.6992472654674086,0.9925473512418564,1.7526804978596116
2500.0,60.0,5,2.175614176032267,0.633933816028464,0.9882426813101709,2.1962837388686087
2500.0,60.0,6,2.8801361402587333,0.7235165710277685,0.9814056372467171,2.931817956548402
2500.0,60.0,7,2.6581900011867288,0.5998444094362307,0.9816491461505346,2.7139107150157784
2500.0,60.0,8,2.5761103828602137,0.5153703075959006,0.9820304267947275,2.647948002661762
2500.0,70.0,2,1.048354249493647,0.8227035258089266,1.0,1.048354249493647
2500.0,70.0,3,1.4650724921048448,0.7874744241362341,0.9993613172386292,1.4618395733668843
2500.0,70.0,4,1.7660128696508446,0.6977789678102773,0.9924634603932818,1.7750275899333054
2500.0,70.0,5,2.276716648654489,0.6233479976370602,0.9854281809647103,2.300810173971176
2500.0,70.0,6,2.776593212897448,0.7288367437600829,0.9737712489857603,2.838477562151577
2500.0,70.0,7,2.704374227565859,0.5959050138048421,0.9759976342287318,2.773092871766487
2500.0,70.0,8,2.613322406602548,0.5044291883173845,0.9822795541512426,2.686672742476563
2500.0,80.0,2,1.0378397725923951,0.8330570231391509,1.0,1.0378397725923951
2500.0,80.0,3,1.5409340442816695,0.6199666194810401,0.9848650234131493,1.5593709394875466
2500.0,80.0,4,1.9264956020609534,0.4871196703401412,0.9876712125866721,1.9633171738948072
2500.0,80.0,5,2.6128707403288076,0.4589973671877982,0.9962815930994107,2.648641981806753
2500.0,80.0,6,2.9440610471760014,0.5209380666094444,0.9704354645253821,3.07368842747478
2500.0,80.0,7,3.035509120348125,0.4532377773812191,0.9883876665884477,3.137574292403466
2500.0,80.0,8,2.860770811975208,0.40284745044844794,0.9958262638158301,2.910984509427918
2500.0,90.0,2,1.0388150402399612,0.8287897073584488,1.0,1.0388150402399612
2500.0,90.0,3,1.5421124066793845,0.615731422919407,0.9845859032702021,1.560777126823217
2500.0,90.0,4,2.045253720873115,0.43694736983958504,0.9781206120571224,2.097927760757326
2500.0,90.0,5,2.6173778761573647,0.3751638575875055,0.9748953131556364,2.715012497073145
2500.0,90.0,6,2.8208209490922607,0.37657808703081597,0.9263962717503875,3.040344114288556
2500.0,90.0,7,2.890154118354416,0.35314503633094885,0.9141980712090931,3.1785497930669684
2500.0,90.0,8,2.7106562588510315,0.30048790554606136,0.9646283371105056,2.9129949237922768
2500.0,100.0,2,1.0404805138842086,0.8311427119504207,1.0,1.0404805138842086
2500.0,100.0,3,1.5510712770100037,0.6114945403795928,0.9849357354831748,1.569675735263976
2500.0,100.0,4,2.06959801214465,0.4388685378496284,0.9782017121623353,2.1223531875351123
2500.0,100.0,5,2.7146759045650364,0.38955829022883043,0.9809318601976874,2.801111934547327
2500.0,100.0,6,2.7383149409600502,0.3639703209048698,0.924198577186414,2.9564893291540657
2500.0,100.0,7,2.8683931518747743,0.3536407990954297,0.9128159568060024,3.156946852955465
2500.0,100.0,8,2.7149000748359113,0.3051407951669391,0.9626690695044332,2.9209143659027403
3000.0,10.0,2,2.7049944876376397,0.7792093357866211,1.0,2.7049944876376397
3000.0,10.0,3,2.5111867066159994,0.5722092342458348,0.98770495020468,2.538948796438972
3000.0,10.0,4,2.6846616843802398,0.535619949639075,0.9857845083558998,2.7381188339228206
3000.0,10.0,5,2.988817819319176,0.5198151496538485,0.9839362403092979,3.071783368171281
3000.0,10.0,6,2.9741915943778934,0.475515535895684,0.9861484960146939,3.069125708677348
3000.0,10.0,7,3.2841474408720743,0.4392868686756448,0.9870176943021693,3.3971305249123454
3000.0,10.0,8,3.0236172864506856,0.4398400347196585,0.9971796849744157,3.070730574603771
3000.0,20.0,2,2.7052892211877584,0.7723883780026106,1.0,2.7052892211877584
3000.0,20.0,3,2.4562587851552458,0.7932980868297497,0.9994026246541384,2.4510464382512924
3000.0,20.0,4,2.824639135420955,0.7273438371948517,0.9938760149733225,2.843533027747177
3000.0,20.0,5,2.916333982034593,0.7000037260093608,0.9855984498552107,2.957823076790051
3000.0,20.0,6,2.8943311419224713,0.6034813980879647,0.975011138679404,2.971184469706205
3000.0,20.0,7,3.153976092360701,0.6010965947723351,0.9814815933549936,3.2259248713171083
3000.0,20.0,8,3.3571370592758325,0.6711103709503593,0.9806350130349323,3.4196532491553127
3000.0,30.0,2,2.7133671830728887,0.7646024740864881,1.0,2.7133671830728887
3000.0,30.0,3,2.5845517003394725,0.828576575993528,0.9999491642877917,2.583012138774629
3000.0,30.0,4,3.130362108111902,0.8086743845553321,0.9975897042780264,3.121821177501196
3000.0,30.0,5,2.7648700180256665,0.7225777622498025,0.9973612348759275,2.772408587375891
3000.0,30.0,6,2.9300599170077013,0.6770764591316752,0.9962863754169836,2.9471472168080544
3000.0,30.0,7,3.2015625054835346,0.7107474523148137,0.9940353156518499,3.201148624760361
3000.0,30.0,8,3.564022547755682,0.6841433819783732,0.9943154903690276,3.5546574487296536
3000.0,40.0,2,2.7215481074505834,0.757273177250702,1.0,2.7215481074505834
3000.0,40.0,3,2.618439876834871,0.8323731082968603,0.9999859020748202,2.6192561415966584
3000.0,40.0,4,3.0669136396701258,0.7547631339757027,0.997299504605572,3.050455566261772
3000.0,40.0,5,2.772717132745662,0.736342674849802,0.993768733001264,2.7946973822687053
3000.0,40.0,6,3.1319321668688564,0.6795505314686089,0.9955596480877834,3.1421693109254183
3000.0,40.0,7,3.1270059302061797,0.6844124922013438,0.9930146137628529,3.1431951974943257
3000.0,40.0,8,3.3244403919397083,0.6905715194122362,0.9930026865679796,3.355344194438175
3000.0,50.0,2,2.7313023922267043,0.7692703691801352,1.0,2.7313023922267043
3000.0,50.0,3,2.599739776105258,0.8159837669192522,0.9999323167426442,2.5979298116076284
3000.0,50.0,4,3.0708737496249237,0.7228533135296416,0.9947321925782737,3.063474470422541
3000.0,50.0,5,2.89164879244054,0.6733068387764565,0.9840004561810208,2.942837284999333
3000.0,50.0,6,3.257016889117906,0.7106164832194187,0.9893851385308828,3.283218151890248
3000.0,50.0,7,3.3276064406961083,0.6548648213760522,0.9887594229462477,3.379175622902844
3000.0,50.0,8,2.7488031749298814,0.5946879401705705,0.9805298878688786,2.811514698505992
3000.0,60.0,2,2.730955013053874,0.7504171443942994,1.0,2.730955013053874
3000.0,60.0,3,2.5168367665940816,0.783305034850551,0.9989430461689619,2.509652128754635
3000.0,60.0,4,3.0841833916253165,0.752440047588576,0.9951082940685582,3.0875232841278337
3000.0,60.0,5,2.884551252331996,0.6734248119820635,0.9808214979515177,2.938614409232612
3000.0,60.0,6,3.172265238431672,0.6652632621640007,0.9854428292445292,3.2258069038751613
3000.0,60.0,7,2.8552985615638176,0.5904813815001722,0.9836471454545459,2.9130156512192014
3000.0,60.0,8,2.857416975516459,0.5287662264853111,0.9857512589137752,2.9139635854332573
3000.0,70.0,2,2.737130531752661,0.7561032957840329,1.0,2.737130531752661
3000.0,70.0,3,2.599934204229103,0.5520763697676226,0.9891364159199915,2.6271775733272205
3000.0,70.0,4,2.9723546900787237,0.5462219387195099,0.9810862064346452,3.039887658454606
3000.0,70.0,5,3.152110722703739,0.5101701086617637,0.9897262746186529,3.221406205076184
3000.0,70.0,6,3.1086141537907332,0.4715741539371246,0.9946442840584426,3.1592095253752457
3000.0,70.0,7,2.892089574255571,0.44085223657788686,0.9958182990001713,2.9418838216799648
3000.0,70.0,8,2.9917113041768624,0.41158752635281765,0.9974934516250116,3.019114358320824
3000.0,80.0,2,2.732206044337336,0.7477714621212834,1.0,2.732206044337336
3000.0,80.0,3,2.6404276431216043,0.5608054217361949,0.9905289973526255,2.666186759922359
3000.0,80.0,4,2.9909650082195793,0.48908027521635655,0.9621817995268476,3.090150687806821
3000.0,80.0,5,3.0586159015334964,0.4036004528999749,0.97797116573536,3.166656403233411
3000.0,80.0,6,2.849479039760739,0.35373947568882336,0.97122576824148,2.99432018270848
3000.0,80.0,7,3.1008832730339235,0.33119307136025533,0.9882819791793224,3.220027021880702
3000.0,80.0,8,2.8513820281839672,0.29418823270515065,0.9805178200746029,3.014694557015266
3000.0,90.0,2,2.7329431263267274,0.7463688171149296,1.0,2.7329431263267274
3000.0,90.0,3,2.7164279857613143,0.5663281551992007,0.992647742077988,2.7397436995242628
3000.0,90.0,4,3.047348079254347,0.47928731597424173,0.9636393587759201,3.147049222406161
3000.0,90.0,5,2.8683971333302507,0.378273684805465,0.9747344385874586,2.977887251240826
3000.0,90.0,6,2.760314140803609,0.34172537652139284,0.9711603321188077,2.900655704988011
3000.0,90.0,7,2.8879454091192454,0.3158388032995259,0.9843566206085983,3.0175111931362304
3000.0,90.0,8,2.8227564043332785,0.2989975535754361,0.9746467243619247,3.0019434368518176
3000.0,100.0,2,2.7438108528474188,0.7499375786526099,1.0,2.7438108528474188
3000.0,100.0,3,2.7720458855455012,0.5779254196841029,0.9949896610481685,2.7916152999864634
3000.0,100.0,4,3.0710493373803147,0.470349566850064,0.9721316365895236,3.1586102046321627
3000.0,100.0,5,2.6420075538110734,0.36549382631060306,0.9604437224879669,2.7670958709158664
3000.0,100.0,6,2.7857248681452567,0.32577037360738287,0.96907518668331,2.9309726640576126
3000.0,100.0,7,2.789736287156286,0.3127529893110914,0.9772713660358939,2.9364982580234056
3000.0,100.0,8,2.806458060685086,0.30604827648355104,0.965888488110654,3.0098355350674755
3500.0,10.0,2,2.720035490035533,0.7479807745541467,1.0,2.720035490035533
3500.0,10.0,3,2.4202712643114443,0.8472939539479906,0.9995459766985979,2.4160304635800416
3500.0,10.0,4,2.4660319453291057,0.7815944988784937,0.9983142791859083,2.4638500278493027
3500.0,10.0,5,2.6613489572326103,0.7420996329611665,0.9972903505515671,2.660207838277344
3500.0,10.0,6,2.8532057592504985,0.7419991519773611,0.9959239048605621,2.8511334046938908
3500.0,10.0,7,3.280696215791049,0.7575861643737365,0.9931516644456604,3.262858226698825
3500.0,10.0,8,3.559297284366391,0.7032924067260545,0.9946311284589283,3.5308011516023288
3500.0,20.0,2,2.7141528841930063,0.7581135824956448,1.0,2.7141528841930063
3500.0,20.0,3,2.3980166525675375,0.8130505978125131,0.9991176056748529,2.3919405687806217
3500.0,20.0,4,2.455537793285553,0.7508663830629719,0.9982337832883005,2.452639840555197
3500.0,20.0,5,2.808288875216697,0.7557880977098013,0.9966281936447376,2.8068244302732737
3500.0,20.0,6,3.2271273243008123,0.7718203588686582,0.9963613086954962,3.2321350190308653
3500.0,20.0,7,3.539111707615856,0.7371746251757716,0.9959581334195228,3.537550140912326
3500.0,20.0,8,3.6611507499417395,0.7054106217784126,0.996403387956939,3.658110815456936
3500.0,30.0,2,2.7072823408407523,0.77061059671986,1.0,2.7072823408407523
3500.0,30.0,3,2.3850422416085455,0.7955107360833719,0.9988514616747116,2.378023111640597
3500.0,30.0,4,2.5126137234723465,0.7732438863954323,0.9983597719509645,2.5101351490257344
3500.0,30.0,5,3.123202220575034,0.7924871639623352,0.9958053247925692,3.124711814437912
3500.0,30.0,6,3.183413423577625,0.742044663868484,0.9949638849134367,3.1962713252341866
3500.0,30.0,7,3.15479262379589,0.6857251441498008,0.9938816043670482,3.1701835871727497
3500.0,30.0,8,3.525517525368588,0.6583713097979847,0.9946489614713789,3.5354825346415644
3500.0,40.0,2,2.712130343084716,0.7794283688583168,1.0,2.712130343084716
3500.0,40.0,3,2.3853272401634356,0.8034168795789857,0.9987444059905187,2.378039689290784
3500.0,40.0,4,2.612509191215191,0.7482710113531928,0.9927429717394262,2.6214198461266145
3500.0,40.0,5,2.9768180088097638,0.7388124723764073,0.989701044209118,3.007525114773681
3500.0,40.0,6,2.956441300820503,0.656231565500276,0.9885305309791345,2.990250477839808
3500.0,40.0,7,3.164522780034876,0.6238357131983275,0.9895435744900064,3.214286705429192
3500.0,40.0,8,3.536779027093831,0.6023536486200157,0.992892072372033,3.578901245756445
3500.0,50.0,2,2.711025203491766,0.782709507479639,1.0,2.711025203491766
3500.0,50.0,3,2.3901706369050353,0.8034302809258173,0.9987306246397788,2.382828063016428
3500.0,50.0,4,2.6730657213769087,0.7488139996003191,0.9922510212820892,2.684522784842691
3500.0,50.0,5,2.855018628287547,0.7138785884490066,0.9876663843701357,2.8898588465978454
3500.0,50.0,6,2.9825989289115045,0.6367961870330457,0.9861182404203924,3.0275240537129022
3500.0,50.0,7,3.4239422655698344,0.6543419762009204,0.9874708604444583,3.4569460715599023
3500.0,50.0,8,3.654454609451449,0.5891458150198164,0.991500218405536,3.698646182427866
3500.0,60.0,2,2.70266872277093,0.7892498161278964,1.0,2.70266872277093
3500.0,60.0,3,2.5915556293466366,0.5904946598363344,0.9884266763429141,2.619124699778577
3500.0,60.0,4,2.852795367150826,0.5917748002355209,0.9767509859675195,2.921854718912248
3500.0,60.0,5,3.011022159226721,0.5156368036321569,0.9859370260062874,3.089338486103819
3500.0,60.0,6,3.5371470726129335,0.5618006820170991,0.988445704242073,3.628876557119047
3500.0,60.0,7,3.383063816399305,0.46919269466899705,0.991633939373146,3.465232852160424
3500.0,60.0,8,3.657705334436093,0.46557339921296764,0.9946920850858441,3.721640269159102
3500.0,70.0,2,2.675960952492401,0.7633995954587798,1.0,2.675960952492401
3500.0,70.0,3,2.5816001466875274,0.5801630996505965,0.9905366697873985,2.606570795914837
3500.0,70.0,4,2.856080615894639,0.5162742456178726,0.9599010005708659,2.951085304286736
3500.0,70.0,5,3.0277057565062706,0.43362678743237726,0.97276017032114,3.145344649982716
3500.0,70.0,6,3.193713602024062,0.41282543428324464,0.979914071251993,3.324940130706328
3500.0,70.0,7,3.3329136897758476,0.3852368108944888,0.9808858906375524,3.4895451317893795
3500.0,70.0,8,3.400559174462826,0.3953374175002459,0.9896889510493991,3.529265341404366
3500.0,80.0,2,2.6730586399169622,0.7617039395493119,1.0,2.6730586399169622
3500.0,80.0,3,2.613116555359928,0.5937589693962942,0.989685811948965,2.639326659094735
3500.0,80.0,4,2.873094353426747,0.5179044950410087,0.9597167556293675,2.9687745955236435
3500.0,80.0,5,3.064146530378509,0.42979694716497313,0.965414435057676,3.197680954548689
3500.0,80.0,6,3.1276663435538206,0.38102571562887083,0.953950490519359,3.3218485482206392
3500.0,80.0,7,3.1961024908869717,0.3636271382229577,0.9651743088767333,3.3953312462095746
3500.0,80.0,8,3.1354818916806355,0.33622110761142693,0.9706478803429619,3.344066135101326
3500.0,90.0,2,2.6617847804438224,0.7651051064038255,1.0,2.6617847804438224
3500.0,90.0,3,2.6664471187660737,0.6238814575276014,0.988234886571969,2.694534722837461
3500.0,90.0,4,2.8545197064109007,0.5039685601661955,0.9649524356135967,2.944222665789115
3500.0,90.0,5,3.0228477685131754,0.4233582602750168,0.9669854089781821,3.1509997671252625
3500.0,90.0,6,3.1117122419094727,0.37965061183391313,0.9554614019899983,3.3012384648484576
3500.0,90.0,7,3.1030943517444993,0.36055941681994974,0.9620102168171732,3.304821768274759
3500.0,90.0,8,3.0665074026715784,0.33788821548842046,0.9607808445924326,3.303243718839834
3500.0,100.0,2,2.645957109593552,0.7533810544391325,1.0,2.645957109593552
3500.0,100.0,3,2.6605527150420776,0.6225509265916093,0.9878064218582457,2.689102680091992
3500.0,100.0,4,2.843313412566393,0.5712327466337342,0.9806860358103098,2.9073398318037893
3500.0,100.0,5,3.1451836470330816,0.5211626898981381,0.9900751387572903,3.2137365309334665
3500.0,100.0,6,3.1868704684555027,0.48912473839507875,0.9933397011943297,3.254044958285741
3500.0,100.0,7,3.092259676638742,0.451535484558861,0.9953052469701851,3.156106536194965
3500.0,100.0,8,3.128161108496297,0.4563100362542899,0.9898291422850004,3.230776134192921
4000.0,10.0,2,3.0285872024298235,0.7728539043451699,1.0,3.0285872024298235
4000.0,10.0,3,2.8862086130364926,0.5956321818910236,0.9891910588808568,2.9158118101398034
4000.0,10.0,4,2.9941349461822333,0.4999908858898057,0.9769629911712988,3.070480697171682
4000.0,10.0,5,2.8290962070107555,0.4185495681644358,0.9695029868416335,2.943889653172516
4000.0,10.0,6,2.6899287883338032,0.38415936237500997,0.9742984189588864,2.8143836028752283
4000.0,10.0,7,2.595898926231952,0.3538318341036477,0.9648209510502158,2.7608910725159537
4000.0,10.0,8,2.675297824449629,0.33976577977818134,0.9566581777799037,2.8891442684130406
4000.0,20.0,2,3.0340635385887875,0.7761439312083163,1.0,3.0340635385887875
4000.0,20.0,3,2.891338483583416,0.5998707086447436,0.9887728067665685,2.921493595316653
4000.0,20.0,4,2.9876935206295605,0.49347788923324193,0.9748660343185096,3.0678537265601915
4000.0,20.0,5,2.8561591958652834,0.4291905698178339,0.968673696162342,2.9738791935308786
4000.0,20.0,6,2.6863237633747348,0.38818324560265693,0.9566826999980362,2.847102109143497
4000.0,20.0,7,2.7505034517825186,0.35789693063872163,0.961725254213733,2.935000481171413
4000.0,20.0,8,2.9701843586418626,0.36268435994853426,0.9756416072135423,3.146802930039906
4000.0,30.0,2,3.0368273238505235,0.7863846465768963,1.0,3.0368273238505235
4000.0,30.0,3,2.898115466776139,0.6098011437178608,0.9879859676496742,2.9292102519339824
4000.0,30.0,4,3.0656335341424796,0.5678880301253556,0.9835265692102589,3.129656641725955
4000.0,30.0,5,2.930908641720313,0.5367944840505716,0.9845028960587129,3.0097810634938287
4000.0,30.0,6,2.8077148340216427,0.4918858962797076,0.99031102345291,2.8805204611986563
4000.0,30.0,7,2.934879456259886,0.46759440685756454,0.9955145573908282,2.987766423391832
4000.0,30.0,8,3.024950430133514,0.45752855239528134,0.9952016720932132,3.0868582898085783
4000.0,40.0,2,3.0328312478561603,0.7965771766116729,1.0,3.0328312478561603
4000.0,40.0,3,2.9423501576369433,0.6313554240336438,0.9868604112639151,2.974945340910537
4000.0,40.0,4,3.2892850120871713,0.6123532470096981,0.9787119106941975,3.364163418402016
4000.0,40.0,5,2.929592178529652,0.5359180769981935,0.9860320262590526,3.004435974591578
4000.0,40.0,6,2.8925766077624138,0.48829030371504106,0.995046914137069,2.941008296011382
4000.0,40.0,7,2.9419103862257376,0.47649975803075134,0.9963295570564872,2.9906062127362643
4000.0,40.0,8,3.101006666886099,0.47696034657943287,0.9937864283515042,3.174276354853475
4000.0,50.0,2,3.028575014037906,0.8025140393946261,1.0,3.028575014037906
4000.0,50.0,3,2.9753884087785285,0.886962474916067,0.9998211822100462,2.972258766248404
4000.0,50.0,4,3.251970639644475,0.7943910591924032,0.9957436900595517,3.266487517681423
4000.0,50.0,5,2.8170193540472543,0.6839846926987773,0.9940257091999924,2.8345454217072947
4000.0,50.0,6,2.82566705002483,0.641273637352919,0.9908190179919163,2.8433543824860577
4000.0,50.0,7,2.9084644502290207,0.6327274747349667,0.9895317043039102,2.9425236577142577
4000.0,50.0,8,3.2569569521105137,0.6705044470097941,0.986341098705681,3.2972114245348187
4000.0,60.0,2,3.01504291523888,0.7914050319550002,1.0,3.01504291523888
4000.0,60.0,3,3.0417612569361143,0.9217898736699357,0.9999946201565401,3.0412291489354684
4000.0,60.0,4,3.0973745617247594,0.7735091894235142,0.9955726913356372,3.109599447110253
4000.0,60.0,5,2.7872618596183236,0.6662469794179,0.994665304313691,2.7970275762551164
4000.0,60.0,6,2.7725366217182086,0.6470505613680518,0.9921362192793218,2.7953624374927832
4000.0,60.0,7,3.0222044973477,0.652064174693277,0.9909946092543359,3.055248226438917
4000.0,60.0,8,2.9123306408043015,0.631756562850578,0.9887548945273291,2.9573565506808235
4000.0,70.0,2,3.0854852818298006,0.8487472705787784,1.0,3.0854852818298006
4000.0,70.0,3,3.0065562745200665,0.9164182491587695,0.9999970789103705,3.006945862303619
4000.0,70.0,4,3.0335829234981238,0.764038881624507,0.998984204417427,3.025455293870975
4000.0,70.0,5,2.6505631887540475,0.7127832362629463,0.9986441715462786,2.6465368467123214
4000.0,70.0,6,2.822997721412107,0.722203681371156,0.9977228595167023,2.8254954576716798
4000.0,70.0,7,3.1020636146598983,0.7244487150219623,0.9959058523730234,3.1060572995016464
4000.0,70.0,8,2.825209173141399,0.6705822718174486,0.9965822167836678,2.8283882934004407
4000.0,80.0,2,3.082259926470387,0.8484203247790132,1.0,3.082259926470387
4000.0,80.0,3,3.019406051105262,0.9150737391863507,0.9999972902702521,3.019028336484824
4000.0,80.0,4,2.862795361938561,0.746704792818637,0.9989779336717546,2.852894001656314
4000.0,80.0,5,2.6711403633457134,0.7221065718703948,0.9987497444761725,2.667834882047245
4000.0,80.0,6,2.917959008991581,0.7362319442889597,0.9979429621459831,2.9218662076480046
4000.0,80.0,7,2.9750390099818307,0.709821519367602,0.9970933112477585,2.977213298284565
4000.0,80.0,8,2.7252057250936743,0.6643279152846276,0.9967321208197658,2.7271799206765337
4000.0,90.0,2,3.095087008395597,0.8571635264229849,1.0,3.095087008395597
4000.0,90.0,3,3.03133800250641,0.9173000936949696,0.9999325494369463,3.029447896345544
4000.0,90.0,4,2.66664701314365,0.7151643870964678,0.995058243566526,2.669887680949397
4000.0,90.0,5,2.682523145003709,0.693842088666402,0.9912424366234238,2.7010621829098502
4000.0,90.0,6,2.9396216398032253,0.6992730681524136,0.9910586397189783,2.967641548425875
4000.0,90.0,7,2.926751022469037,0.6567428296022052,0.990241112176175,2.9510404715260297
4000.0,90.0,8,2.721095537740244,0.6146343669134324,0.9909324734335959,2.746979651775611
4000.0,100.0,2,3.0945525337596025,0.8587324166463609,1.0,3.0945525337596025
4000.0,100.0,3,3.1552418286284327,0.7065258291630854,0.9847765993095253,3.19089176954926
4000.0,100.0,4,2.735168473146643,0.4878572184173448,0.9781905864880867,2.8037725206303388
4000.0,100.0,5,2.8622397317267936,0.4661082257206787,0.9701471188070252,2.9740148573882528
4000.0,100.0,6,3.002517082403721,0.45361305850353467,0.9675436816863324,3.149930546374394
4000.0,100.0,7,2.8576930093129707,0.41044334118992504,0.9756585720877677,3.0014752456221827
4000.0,100.0,8,2.8040879229108593,0.38911792727797095,0.9815812650963892,2.940854565714042
4500.0,10.0,2,2.68101479513396,0.7458761846328814,1.0,2.68101479513396
4500.0,10.0,3,2.7285619629713533,0.620789924636806,0.9900872597343008,2.7550082388394435
4500.0,10.0,4,2.806249111751249,0.5669642507032249,0.965664540220892,2.889492727319368
4500.0,10.0,5,2.9360433251542593,0.5407161262386586,0.9538975455873304,3.0684746298036707
4500.0,10.0,6,2.7837531718569206,0.474182705745985,0.9596197913716805,2.9321036241420457
4500.0,10.0,7,2.7478161398293497,0.44282798630425085,0.9637112395316452,2.9079083504546523
4500.0,10.0,8,2.8107153237797124,0.4372503393586321,0.9655189301437401,2.9781263573370778
4500.0,20.0,2,2.6827551860806382,0.7341516096109696,1.0,2.6827551860806382
4500.0,20.0,3,2.68956847999776,0.6051439576446035,0.9875414021908111,2.7190254459808805
4500.0,20.0,4,2.9778753413364494,0.610666953591373,0.9796736788984418,3.0426296613382
4500.0,20.0,5,2.945282516673748,0.5512194347494932,0.9605537777142883,3.067672095367665
4500.0,20.0,6,2.8347143146330804,0.4930364119662525,0.964844337063761,2.9742351251943906
4500.0,20.0,7,2.8993571269918634,0.49231485658503,0.9670185693803457,3.053181433711046
4500.0,20.0,8,3.0069554019071036,0.49937631136753086,0.9709863334571467,3.1663581259896243
4500.0,30.0,2,2.691848376828405,0.7275345547932157,1.0,2.691848376828405
4500.0,30.0,3,2.6100405411618035,0.6062691972464526,0.9849482081080279,2.6414238468471014
4500.0,30.0,4,2.8990866325007003,0.6456841796458769,0.9906116476283884,2.941686164292264
4500.0,30.0,5,2.9425984632477324,0.6096402687744633,0.9828016347913264,3.0187260799179625
4500.0,30.0,6,2.9596442231388567,0.5971230796875266,0.9841177788903772,3.045219336125372
4500.0,30.0,7,2.9927445144843072,0.5930836306578635,0.9844234711679541,3.0872166543340507
4500.0,30.0,8,3.026837715852888,0.5840449997678312,0.9853068102432526,3.1257514330943854
4500.0,40.0,2,2.7012893850965547,0.7315965540090547,1.0,2.7012893850965547
4500.0,40.0,3,2.456053526042224,0.7977302079034928,0.9997444773789135,2.4526657764902438
4500.0,40.0,4,2.8527341691446786,0.8186229455372038,0.9945358248042657,2.853221125283879
4500.0,40.0,5,2.9893745689309013,0.8046715860040976,0.9925832696646191,3.007286933448622
4500.0,40.0,6,2.9085111428695702,0.7607331889396421,0.9895881396785795,2.943929756556833
4500.0,40.0,7,2.870990941657459,0.7469601562625695,0.9863743956947977,2.9149611702281626
4500.0,40.0,8,2.9094849833170446,0.7482843985891595,0.9855911653176274,2.955742227185461
4500.0,50.0,2,2.6880149602792667,0.7360504367127586,1.0,2.6880149602792667
4500.0,50.0,3,2.425443601525065,0.7890815190725107,0.9997263144264873,2.421952336089767
4500.0,50.0,4,2.7934900379255905,0.8000675704503153,0.9945322382148136,2.7958328290027508
4500.0,50.0,5,2.9980898441409134,0.8316731129665682,0.9934584006551224,3.008017793810464
4500.0,50.0,6,2.983303133309738,0.7919631793190087,0.9904400721320181,3.008433842234695
4500.0,50.0,7,2.945754055107946,0.7722565096997347,0.9884670123813918,2.9805604428943937
4500.0,50.0,8,2.9160402883376975,0.7624439177935707,0.9871209689234334,2.954421596927671
4500.0,60.0,2,2.692062679004224,0.7351146170150403,1.0,2.692062679004224
4500.0,60.0,3,2.4293186604507193,0.7842064902524268,0.9993270757386686,2.423798547686224
4500.0,60.0,4,2.6768646460925676,0.7866279279689536,0.9994758136612651,2.6715861709540154
4500.0,60.0,5,2.8277645038960286,0.7922946902192952,0.9973323988296057,2.827733864544729
4500.0,60.0,6,2.8930470241071724,0.7972850528934656,0.9950549137596926,2.898215254879577
4500.0,60.0,7,2.9277002046479694,0.7989898178162785,0.9940510321040144,2.937343187430816
4500.0,60.0,8,2.958941808041429,0.8067394815994254,0.9932470448186494,2.9707874188713506
4500.0,70.0,2,2.6616162086942508,0.7394364009370734,1.0,2.6616162086942508
4500.0,70.0,3,2.371506377130476,0.8061492273187779,0.9988883196910474,2.3647103392939064
4500.0,70.0,4,2.5421881617141655,0.7680475438855447,0.9956731502284983,2.5494786071634032
4500.0,70.0,5,2.6312478911284254,0.7350778928501596,0.9917782269400668,2.6506448903959114
4500.0,70.0,6,2.6476563988206476,0.7207042118061117,0.9900495587527534,2.673861283472766
4500.0,70.0,7,2.6466686644428856,0.7133946722444495,0.9878165493556383,2.678956330665972
4500.0,70.0,8,2.6425853480818673,0.7099824002945375,0.9869184256219423,2.6773503347880965
4500.0,80.0,2,2.664942664779483,0.7389716540916339,1.0,2.664942664779483
4500.0,80.0,3,2.3758984728999075,0.8018136735401,0.9987243753887607,2.368570295749118
4500.0,80.0,4,2.493151543544024,0.7675306244007672,0.9951536024315178,2.5007071782072368
4500.0,80.0,5,2.533195397952649,0.7267704678098355,0.9908280438951433,2.5532852422490766
4500.0,80.0,6,2.5360671858294226,0.7105572814156672,0.9897339446798505,2.5624328597692623
4500.0,80.0,7,2.5295359125809322,0.7031893876565952,0.9884652346818923,2.5601894761071056
4500.0,80.0,8,2.5294109763582386,0.7030442184466371,0.9895006546657247,2.5599746658160223
4500.0,90.0,2,2.654647333021314,0.7372925830115172,1.0,2.654647333021314
4500.0,90.0,3,2.5010690144229955,0.5990918980435179,0.9894414848261425,2.5263803580741198
4500.0,90.0,4,2.559755314150132,0.5232830882836211,0.9720335788427255,2.630463854009256
4500.0,90.0,5,2.5391426951486338,0.4724141067305491,0.9628553821658266,2.6483724871618954
4500.0,90.0,6,2.5134471302524113,0.44720364381654554,0.9609261081754263,2.6485394909484627
4500.0,90.0,7,2.531263372461761,0.4620728829640178,0.9646947367954484,2.648165883349051
4500.0,90.0,8,3.936921455110035,0.5352670689240497,0.9736174769647438,4.112152470101173
4500.0,100.0,2,3.000753771375724,0.8230219096758788,1.0,3.000753771375724
4500.0,100.0,3,3.483099060311984,0.6205083329263329,0.9973250443316027,3.500720093149759
4500.0,100.0,4,3.489347218225854,0.5480491038679743,0.9904007562083944,3.5453017370400866
4500.0,100.0,5,3.5424043428560226,0.509916246806283,0.984347557065002,3.6389433477933286
4500.0,100.0,6,3.8643045828604823,0.557807731705331,0.9806765089196973,3.992289459174103
4500.0,100.0,7,4.074160096611977,0.6026703180652043,0.9660563471169035,4.244532119767221
4500.0,100.0,8,3.800627480605764,0.514856653479811,0.9855058379714149,3.9332123161631354
