friction_model,x1,n_total,spacing_m,P_1,P_end,R_end,SNR_end_dB,sigma_noise_ref,n_det_th_15,pass_rate_th_15,n_det_th_25,pass_rate_th_25,n_det_th_35,pass_rate_th_35,n_det_th_50,pass_rate_th_50
steady,3000.0,2,10.0,2.7049944876376397,1.2409665337159574,0.45876859985756724,27.89580130605089,0.05,2,1.0,2,1.0,2,1.0,2,1.0
steady,3000.0,2,20.0,2.7052892211877584,1.2495961880180024,0.4619085376273989,27.955993747060774,0.05,2,1.0,2,1.0,2,1.0,2,1.0
steady,3000.0,2,30.0,2.7133671830728887,1.2631238421447155,0.4655189500428127,28.049518568462002,0.05,2,1.0,2,1.0,2,1.0,2,1.0
steady,3000.0,2,40.0,2.7215481074505834,1.2762520519601206,0.46894341072502765,28.13932898037764,0.05,2,1.0,2,1.0,2,1.0,2,1.0
steady,3000.0,2,50.0,2.7313023922267043,1.265551749888168,0.4633510201909289,28.066198086592284,0.05,2,1.0,2,1.0,2,1.0,2,1.0
steady,3000.0,2,60.0,2.730955013053874,1.289473796235444,0.4721695487738913,28.228850336113066,0.05,2,1.0,2,1.0,2,1.0,2,1.0
steady,3000.0,2,70.0,2.737130531752661,1.2850618181247209,0.4694923399586135,28.199080312924586,0.05,2,1.0,2,1.0,2,1.0,2,1.0
steady,3000.0,2,80.0,2.732206044337336,1.2934821148522977,0.47342041334441753,28.25580847422023,0.05,2,1.0,2,1.0,2,1.0,2,1.0
steady,3000.0,2,90.0,2.7329431263267274,1.2956471235394056,0.4740849200476589,28.27033461731557,0.05,2,1.0,2,1.0,2,1.0,2,1.0
steady,3000.0,2,100.0,2.7438108528474188,1.2961653797972132,0.47239603941798824,28.273808261117928,0.05,2,1.0,2,1.0,2,1.0,2,1.0
steady,3000.0,3,10.0,2.538948796438972,0.8867735338554146,0.3492679864592652,24.976854371815772,0.05,3,1.0,3,1.0,3,1.0,3,1.0
steady,3000.0,3,20.0,2.4510464382512924,0.4771287956397063,0.19466330306663446,19.593312470408495,0.05,3,1.0,3,1.0,3,1.0,2,0.6666666666666666
steady,3000.0,3,30.0,2.583012138774629,0.4847510066352768,0.18766888446185961,19.73097430545558,0.05,3,1.0,3,1.0,3,1.0,2,0.6666666666666666
steady,3000.0,3,40.0,2.6192561415966584,0.4998235136901418,0.19082651205905238,19.99693357756646,0.05,3,1.0,3,1.0,3,1.0,2,0.6666666666666666
steady,3000.0,3,50.0,2.5979298116076284,0.499108666675927,0.19211784107711244,19.984502136362547,0.05,3,1.0,3,1.0,3,1.0,2,0.6666666666666666
steady,3000.0,3,60.0,2.509652128754635,0.4909767655971708,0.19563538706091838,19.841818724712827,0.05,3,1.0,3,1.0,3,1.0,2,0.6666666666666666
steady,3000.0,3,70.0,2.6271775733272205,0.9440400270011102,0.3593362080224823,25.52040808604559,0.05,3,1.0,3,1.0,3,1.0,3,1.0
steady,3000.0,3,80.0,2.666186759922359,0.9392062165151228,0.35226572670493383,25.475819082604232,0.05,3,1.0,3,1.0,3,1.0,3,1.0
steady,3000.0,3,90.0,2.7397436995242628,0.947537812486096,0.34584907071804905,25.552530912496398,0.05,3,1.0,3,1.0,3,1.0,3,1.0
steady,3000.0,3,100.0,2.7916152999864634,0.9347775904937352,0.3348518653334032,25.434765762574962,0.05,3,1.0,3,1.0,3,1.0,3,1.0
steady,3000.0,4,10.0,2.7381188339228206,0.6337949386001847,0.23147093937196497,22.0595752463139,0.05,4,1.0,4,1.0,4,1.0,4,1.0
steady,3000.0,4,20.0,2.843533027747177,0.4497489597755938,0.15816554806536318,19.080003264059776,0.05,4,1.0,4,1.0,4,1.0,3,0.75
steady,3000.0,4,30.0,3.121821177501196,0.3235209844584329,0.10363213203563097,16.21864902227265,0.05,4,1.0,4,1.0,3,0.75,3,0.75
steady,3000.0,4,40.0,3.050455566261772,0.3268113836160571,0.10713527095120194,16.30654342590541,0.05,4,1.0,4,1.0,3,0.75,3,0.75
steady,3000.0,4,50.0,3.063474470422541,0.4362611943638836,0.142407321678679,18.815531593453603,0.05,4,1.0,4,1.0,4,1.0,3,0.75
steady,3000.0,4,60.0,3.0875232841278337,0.4367277923146014,0.14144923037818277,18.824816518585656,0.05,4,1.0,4,1.0,4,1.0,3,0.75
steady,3000.0,4,70.0,3.039887658454606,0.6931700025009067,0.2280248747262242,22.8373951132685,0.05,4,1.0,4,1.0,4,1.0,4,1.0
steady,3000.0,4,80.0,3.090150687806821,0.8778313282320602,0.284073955259148,24.88882143287606,0.05,4,1.0,4,1.0,4,1.0,4,1.0
steady,3000.0,4,90.0,3.147049222406161,0.9080057058563726,0.28852605780412055,25.182371465510826,0.05,4,1.0,4,1.0,4,1.0,4,1.0
steady,3000.0,4,100.0,3.1586102046321627,0.9204506347807448,0.2914100110963,25.3006099446112,0.05,4,1.0,4,1.0,4,1.0,4,1.0
steady,3000.0,5,10.0,3.071783368171281,0.4529311214982664,0.1474489139407995,19.141243166444507,0.05,5,1.0,5,1.0,5,1.0,4,0.8
steady,3000.0,5,20.0,2.957823076790051,0.3556503947246923,0.12024059096552132,17.041065814145995,0.05,5,1.0,5,1.0,5,1.0,3,0.6
steady,3000.0,5,30.0,2.772408587375891,0.2367294960220466,0.08538766511544864,13.505647383777806,0.05,5,1.0,4,0.8,3,0.6,3,0.6
steady,3000.0,5,40.0,2.7946973822687053,0.2817253904607865,0.10080711859832381,15.017119702842237,0.05,5,1.0,5,1.0,4,0.8,3,0.6
steady,3000.0,5,50.0,2.942837284999333,0.3617001862750884,0.12290865965264211,17.187574561734145,0.05,5,1.0,5,1.0,5,1.0,4,0.8
steady,3000.0,5,60.0,2.938614409232612,0.3924021384225646,0.13353304781658518,17.895227221922514,0.05,5,1.0,5,1.0,5,1.0,4,0.8
steady,3000.0,5,70.0,3.221406205076184,0.4563956750974231,0.1416759160574814,19.20743031925385,0.05,5,1.0,5,1.0,5,1.0,4,0.8
steady,3000.0,5,80.0,3.166656403233411,0.7469694100258157,0.2358858413761278,23.486656251354354,0.05,5,1.0,5,1.0,5,1.0,5,1.0
steady,3000.0,5,90.0,2.977887251240826,0.7649634380908883,0.25688126297331887,23.693413478709267,0.05,5,1.0,5,1.0,5,1.0,5,1.0
steady,3000.0,5,100.0,2.7670958709158664,0.7722900448681402,0.2790976825145289,23.77620864612892,0.05,5,1.0,5,1.0,5,1.0,5,1.0
steady,3000.0,6,10.0,3.069125708677348,0.3262485412589139,0.10630015588364805,16.291571483448024,0.05,6,1.0,6,1.0,5,0.8333333333333334,5,0.8333333333333334
steady,3000.0,6,20.0,2.971184469706205,0.3092752197471444,0.10409155772738876,15.827502396226736,0.05,6,1.0,6,1.0,5,0.8333333333333334,4,0.6666666666666666
steady,3000.0,6,30.0,2.9471472168080544,0.1995209703249095,0.06769969589133835,12.020370877922575,0.05,6,1.0,5,0.8333333333333334,4,0.6666666666666666,3,0.5
steady,3000.0,6,40.0,3.1421693109254183,0.2161271441610552,0.06878278118546144,12.71478621059721,0.05,6,1.0,5,0.8333333333333334,4,0.6666666666666666,3,0.5
steady,3000.0,6,50.0,3.283218151890248,0.2536695727177695,0.07726247875783833,14.105967460846752,0.05,6,1.0,6,1.0,4,0.6666666666666666,3,0.5
steady,3000.0,6,60.0,3.2258069038751613,0.2549549769989827,0.07903603178873023,14.149869799035466,0.05,6,1.0,6,1.0,5,0.8333333333333334,4,0.6666666666666666
steady,3000.0,6,70.0,3.1592095253752457,0.26658760063801,0.08438427350156372,14.537398831361504,0.05,6,1.0,6,1.0,5,0.8333333333333334,4,0.6666666666666666
steady,3000.0,6,80.0,2.99432018270848,0.6122585801483086,0.20447331707676522,21.759297513508788,0.05,6,1.0,6,1.0,6,1.0,6,1.0
steady,3000.0,6,90.0,2.900655704988011,0.6327861738093338,0.21815280342344154,22.045739541026784,0.05,6,1.0,6,1.0,6,1.0,6,1.0
steady,3000.0,6,100.0,2.9309726640576126,0.662981812698456,0.22619856569410302,22.450632208281863,0.05,6,1.0,6,1.0,6,1.0,6,1.0
steady,3000.0,7,10.0,3.3971305249123454,0.2430702295930398,0.07155163094574107,13.735235337353922,0.05,7,1.0,6,0.8571428571428571,6,0.8571428571428571,5,0.7142857142857143
steady,3000.0,7,20.0,3.2259248713171083,0.2334462281137351,0.07236567416352188,13.384337138275576,0.05,7,1.0,6,0.8571428571428571,5,0.7142857142857143,4,0.5714285714285714
steady,3000.0,7,30.0,3.201148624760361,0.1530391049504689,0.04780756000103727,9.716648254368923,0.05,7,1.0,5,0.7142857142857143,4,0.5714285714285714,3,0.42857142857142855
steady,3000.0,7,40.0,3.1431951974943257,0.1785009476154198,0.0567896476037238,11.053410433510573,0.05,7,1.0,5,0.7142857142857143,4,0.5714285714285714,3,0.42857142857142855
steady,3000.0,7,50.0,3.379175622902844,0.192465631145383,0.056956386001638916,11.707663677284128,0.05,7,1.0,6,0.8571428571428571,5,0.7142857142857143,4,0.5714285714285714
steady,3000.0,7,60.0,2.9130156512192014,0.2217289128712096,0.0761166225723532,12.937046466747217,0.05,7,1.0,6,0.8571428571428571,5,0.7142857142857143,4,0.5714285714285714
steady,3000.0,7,70.0,2.9418838216799648,0.2172322550611883,0.07384120795672267,12.75908612489889,0.05,7,1.0,6,0.8571428571428571,5,0.7142857142857143,5,0.7142857142857143
steady,3000.0,7,80.0,3.220027021880702,0.5011896462185086,0.15564765227522276,20.020641724900866,0.05,7,1.0,7,1.0,7,1.0,7,1.0
steady,3000.0,7,90.0,3.0175111931362304,0.5232118706276899,0.1733918574412621,20.394151687249856,0.05,7,1.0,7,1.0,7,1.0,7,1.0
steady,3000.0,7,100.0,2.9364982580234056,0.4905789914617883,0.16706258555453843,19.834778834405835,0.05,7,1.0,7,1.0,7,1.0,6,0.8571428571428571
steady,3000.0,8,10.0,3.070730574603771,0.1863921217362502,0.06069960135148006,11.429150953598024,0.05,8,1.0,6,0.75,5,0.625,5,0.625
steady,3000.0,8,20.0,3.4196532491553127,0.1837801443506183,0.05374233320176944,11.306571679442461,0.05,8,1.0,6,0.75,5,0.625,4,0.5
steady,3000.0,8,30.0,3.5546574487296536,0.1235222816076472,0.03474941914636275,7.855506013601753,0.05,7,0.875,5,0.625,4,0.5,3,0.375
steady,3000.0,8,40.0,3.355344194438175,0.1374770572401273,0.040972564742541025,8.785204459095956,0.05,7,0.875,5,0.625,4,0.5,3,0.375
steady,3000.0,8,50.0,2.811514698505992,0.1674003431227018,0.05954098095651305,10.495726790025797,0.05,8,1.0,6,0.75,5,0.625,4,0.5
steady,3000.0,8,60.0,2.9139635854332573,0.1730020267057714,0.0593700029645528,10.781623730997413,0.05,8,1.0,6,0.75,5,0.625,4,0.5
steady,3000.0,8,70.0,3.019114358320824,0.1869117834541857,0.06190947452488768,11.453333541478695,0.05,8,1.0,6,0.75,5,0.625,5,0.625
steady,3000.0,8,80.0,3.014694557015266,0.4252084334164581,0.14104527850988682,18.592637304524466,0.05,8,1.0,8,1.0,8,1.0,7,0.875
steady,3000.0,8,90.0,3.0019434368518176,0.4603922112333978,0.1533647188623307,19.283159268604603,0.05,8,1.0,8,1.0,8,1.0,7,0.875
steady,3000.0,8,100.0,3.0098355350674755,0.4431967650425221,0.1472494958209025,18.95253154835003,0.05,8,1.0,8,1.0,8,1.0,7,0.875
