friction_model,x1,n_total,spacing_m,P_1,P_end,R_end,sum_P,mean_P,b_topological
steady,3000.0,1,10.0,5.157394867254647,5.157394867254647,1.0,5.157394867254647,5.157394867254647,0.0
steady,3000.0,1,20.0,5.157394867254647,5.157394867254647,1.0,5.157394867254647,5.157394867254647,0.0
steady,3000.0,1,30.0,5.157394867254647,5.157394867254647,1.0,5.157394867254647,5.157394867254647,0.0
steady,3000.0,1,40.0,5.157394867254647,5.157394867254647,1.0,5.157394867254647,5.157394867254647,0.0
steady,3000.0,1,50.0,5.157394867254647,5.157394867254647,1.0,5.157394867254647,5.157394867254647,0.0
steady,3000.0,1,60.0,5.157394867254647,5.157394867254647,1.0,5.157394867254647,5.157394867254647,0.0
steady,3000.0,1,70.0,5.157394867254647,5.157394867254647,1.0,5.157394867254647,5.157394867254647,0.0
steady,3000.0,1,80.0,5.157394867254647,5.157394867254647,1.0,5.157394867254647,5.157394867254647,0.0
steady,3000.0,1,90.0,5.157394867254647,5.157394867254647,1.0,5.157394867254647,5.157394867254647,0.0
steady,3000.0,1,100.0,5.157394867254647,5.157394867254647,1.0,5.157394867254647,5.157394867254647,0.0
steady,3000.0,2,10.0,2.7049944876376397,1.2409665337159574,0.45876859985756724,3.945961021353597,1.9729805106767986,0.7792093357866211
steady,3000.0,2,20.0,2.7052892211877584,1.2495961880180024,0.4619085376273989,3.954885409205761,1.9774427046028804,0.7723883780026105
steady,3000.0,2,30.0,2.7133671830728887,1.2631238421447155,0.4655189500428127,3.9764910252176042,1.9882455126088021,0.7646024740864881
steady,3000.0,2,40.0,2.7215481074505834,1.2762520519601206,0.46894341072502765,3.997800159410704,1.998900079705352,0.757273177250702
steady,3000.0,2,50.0,2.7313023922267043,1.265551749888168,0.4633510201909289,3.9968541421148727,1.9984270710574363,0.7692703691801354
steady,3000.0,2,60.0,2.730955013053874,1.289473796235444,0.4721695487738913,4.020428809289317,2.0102144046446586,0.7504171443942993
steady,3000.0,2,70.0,2.737130531752661,1.2850618181247209,0.4694923399586135,4.022192349877382,2.011096174938691,0.7561032957840328
steady,3000.0,2,80.0,2.732206044337336,1.2934821148522977,0.47342041334441753,4.025688159189634,2.012844079594817,0.7477714621212834
steady,3000.0,2,90.0,2.7329431263267274,1.2956471235394056,0.4740849200476589,4.028590249866133,2.0142951249330663,0.7463688171149298
steady,3000.0,2,100.0,2.7438108528474188,1.2961653797972132,0.47239603941798824,4.039976232644632,2.019988116322316,0.74993757865261
steady,3000.0,3,10.0,2.538948796438972,0.8867735338554146,0.3492679864592652,4.744330181475207,1.581443393825069,0.5518010355396668
steady,3000.0,3,20.0,2.4510464382512924,0.4771287956397063,0.19466330306663446,4.062310573347974,1.3541035244493245,0.808722446670104
steady,3000.0,3,30.0,2.583012138774629,0.4847510066352768,0.18766888446185961,4.203411768508964,1.4011372561696547,0.8335808990954507
steady,3000.0,3,40.0,2.6192561415966584,0.4998235136901418,0.19082651205905238,4.254389360307694,1.4181297867692313,0.8297532071055214
steady,3000.0,3,50.0,2.5979298116076284,0.499108666675927,0.19211784107711244,4.254840141019054,1.4182800470063512,0.8214968984037503
steady,3000.0,3,60.0,2.509652128754635,0.4909767655971708,0.19563538706091838,4.182005054321657,1.3940016847738856,0.8032938795607556
steady,3000.0,3,70.0,2.6271775733272205,0.9440400270011102,0.3593362080224823,4.973502486686496,1.6578341622288322,0.534960153652129
steady,3000.0,3,80.0,2.666186759922359,0.9392062165151228,0.35226572670493383,5.0221509791902665,1.6740503263967554,0.5438034145211528
steady,3000.0,3,90.0,2.7397436995242628,0.947537812486096,0.34584907071804905,5.146987341326455,1.7156624471088184,0.5506270137671878
steady,3000.0,3,100.0,2.7916152999864634,0.9347775904937352,0.3348518653334032,5.211921630603849,1.7373072102012832,0.5637967404013582
steady,3000.0,4,10.0,2.7381188339228206,0.6337949386001847,0.23147093937196497,5.757303773521613,1.4393259433804033,0.5095296584336786
steady,3000.0,4,20.0,2.843533027747177,0.4497489597755938,0.15816554806536318,5.224238230709548,1.306059557677387,0.6691709948688452
steady,3000.0,4,30.0,3.121821177501196,0.3235209844584329,0.10363213203563097,5.423766725492507,1.3559416813731267,0.7925548404415258
steady,3000.0,4,40.0,3.050455566261772,0.3268113836160571,0.10713527095120194,5.486614001839158,1.3716535004597894,0.7620255120990735
steady,3000.0,4,50.0,3.063474470422541,0.4362611943638836,0.142407321678679,5.650163148093515,1.4125407870233788,0.6974275891644093
steady,3000.0,4,60.0,3.0875232841278337,0.4367277923146014,0.14144923037818277,5.581111366456606,1.3952778416141516,0.7082289314553333
steady,3000.0,4,70.0,3.039887658454606,0.6931700025009067,0.2280248747262242,6.324188351194287,1.5810470877985718,0.5159116461198867
steady,3000.0,4,80.0,3.090150687806821,0.8778313282320602,0.284073955259148,6.7068348926385735,1.6767087231596434,0.457811301766277
steady,3000.0,4,90.0,3.147049222406161,0.9080057058563726,0.28852605780412055,6.890803728443735,1.7227009321109337,0.4508224018863481
steady,3000.0,4,100.0,3.1586102046321627,0.9204506347807448,0.2914100110963,6.993299659199316,1.748324914799829,0.44545201057175554
steady,3000.0,5,10.0,3.071783368171281,0.4529311214982664,0.1474489139407995,6.907755218634252,1.3815510437268503,0.491061536933978
steady,3000.0,5,20.0,2.957823076790051,0.3556503947246923,0.12024059096552132,5.783594134939529,1.1567188269879058,0.5923521017499073
steady,3000.0,5,30.0,2.772408587375891,0.2367294960220466,0.08538766511544864,5.289654358896026,1.0579308717792053,0.6622079378446614
steady,3000.0,5,40.0,2.7946973822687053,0.2817253904607865,0.10080711859832381,5.3002520383007985,1.0600504076601598,0.640994630084928
steady,3000.0,5,50.0,2.942837284999333,0.3617001862750884,0.12290865965264211,5.860462622010081,1.1720925244020162,0.5755424201048267
steady,3000.0,5,60.0,2.938614409232612,0.3924021384225646,0.13353304781658518,5.86296851484386,1.172593702968772,0.5664177227810531
steady,3000.0,5,70.0,3.221406205076184,0.4563956750974231,0.1416759160574814,7.332233357902441,1.466446671580488,0.49279571605898637
steady,3000.0,5,80.0,3.166656403233411,0.7469694100258157,0.2358858413761278,8.056482028975735,1.6112964057951469,0.38572334008662235
steady,3000.0,5,90.0,2.977887251240826,0.7649634380908883,0.25688126297331887,7.794820528779258,1.5589641057558516,0.36401387491004844
steady,3000.0,5,100.0,2.7670958709158664,0.7722900448681402,0.2790976825145289,7.309270850412716,1.4618541700825431,0.35006929171091605
steady,3000.0,6,10.0,3.069125708677348,0.3262485412589139,0.10630015588364805,7.502704360206018,1.250450726701003,0.45312567941530646
steady,3000.0,6,20.0,2.971184469706205,0.3092752197471444,0.10409155772738876,6.480591326127695,1.0800985543546158,0.49541482287600835
steady,3000.0,6,30.0,2.9471472168080544,0.1995209703249095,0.06769969589133835,5.978730642760908,0.9964551071268181,0.5926347277228214
steady,3000.0,6,40.0,3.1421693109254183,0.2161271441610552,0.06878278118546144,6.372985462152084,1.062164243692014,0.5920935509038225
steady,3000.0,6,50.0,3.283218151890248,0.2536695727177695,0.07726247875783833,6.538541656104651,1.0897569426841085,0.5828435484250424
steady,3000.0,6,60.0,3.2258069038751613,0.2549549769989827,0.07903603178873023,6.659723468385836,1.1099539113976393,0.5492481664538382
steady,3000.0,6,70.0,3.1592095253752457,0.26658760063801,0.08438427350156372,7.800215103852121,1.3000358506420202,0.4773075321708169
steady,3000.0,6,80.0,2.99432018270848,0.6122585801483086,0.20447331707676522,8.513744121210431,1.418957353535072,0.3386230578702341
steady,3000.0,6,90.0,2.900655704988011,0.6327861738093338,0.21815280342344154,8.397157813347803,1.3995263022246338,0.32790151202382123
steady,3000.0,6,100.0,2.9309726640576126,0.662981812698456,0.22619856569410302,8.68306630591279,1.4471777176521317,0.3150896458487398
steady,3000.0,7,10.0,3.3971305249123454,0.2430702295930398,0.07155163094574107,8.895114049311745,1.2707305784731064,0.43377870055047035
steady,3000.0,7,20.0,3.2259248713171083,0.2334462281137351,0.07236567416352188,7.216459043579409,1.030922720511344,0.4835341718327874
steady,3000.0,7,30.0,3.201148624760361,0.1530391049504689,0.04780756000103727,6.44524727043326,0.9207496100618943,0.578498239086934
steady,3000.0,7,40.0,3.1431951974943257,0.1785009476154198,0.0567896476037238,6.500124754052327,0.9285892505789038,0.5482698879494278
steady,3000.0,7,50.0,3.379175622902844,0.192465631145383,0.056956386001638916,7.174313070156981,1.024901867165283,0.5248071392852267
steady,3000.0,7,60.0,2.9130156512192014,0.2217289128712096,0.0761166225723532,6.58234655002158,0.9403352214316543,0.4807217498096297
steady,3000.0,7,70.0,2.9418838216799648,0.2172322550611883,0.07384120795672267,7.767896484384592,1.1096994977692274,0.44054955883388525
steady,3000.0,7,80.0,3.220027021880702,0.5011896462185086,0.15564765227522276,10.00343173597768,1.42906167656824,0.3211561967412939
steady,3000.0,7,90.0,3.0175111931362304,0.5232118706276899,0.1733918574412621,9.58047986027273,1.3686399800389615,0.3067032133560645
steady,3000.0,7,100.0,2.9364982580234056,0.4905789914617883,0.16706258555453843,9.312584921009167,1.330369274429881,0.30568500309795843
steady,3000.0,8,10.0,3.070730574603771,0.1863921217362502,0.06069960135148006,8.297492593049414,1.0371865741311768,0.42697929599716605
steady,3000.0,8,20.0,3.4196532491553127,0.1837801443506183,0.05374233320176944,7.379947592484708,0.9224934490605885,0.47978406440267146
steady,3000.0,8,30.0,3.5546574487296536,0.1235222816076472,0.03474941914636275,7.402374714551503,0.9252968393189379,0.5451044266328717
steady,3000.0,8,40.0,3.355344194438175,0.1374770572401273,0.040972564742541025,7.001588487371958,0.8751985609214947,0.5211963866099024
steady,3000.0,8,50.0,2.811514698505992,0.1674003431227018,0.05954098095651305,6.474115303179603,0.8092644128974503,0.45255665040098386
steady,3000.0,8,60.0,2.9139635854332573,0.1730020267057714,0.0593700029645528,7.146975863942821,0.8933719829928526,0.43756068440146983
steady,3000.0,8,70.0,3.019114358320824,0.1869117834541857,0.06190947452488768,8.533094131508356,1.0666367664385445,0.414533512889708
steady,3000.0,8,80.0,3.014694557015266,0.4252084334164581,0.14104527850988682,10.23126539296063,1.2789081741200787,0.28749620977492757
steady,3000.0,8,90.0,3.0019434368518176,0.4603922112333978,0.1533647188623307,10.068784318898485,1.2585980398623107,0.28545244716428314
steady,3000.0,8,100.0,3.0098355350674755,0.4431967650425221,0.1472494958209025,9.884723546985125,1.2355904433731406,0.2922579498241338
