friction_model,Cf,Kleak,x1,spacing_m,n_total,frac_idx,x_f,delta_x,P_1d,P_2d,alpha_1d,alpha_2d
steady,1e-06,0.0,3000.0,20.0,3,1,3000.290023201856,0.0,0.5168639351708589,0.13033655411367961,1.0,1.0
steady,1e-06,0.0,3000.0,20.0,3,2,3020.591647331786,20.301624129930133,0.0901702164780947,0.07377311555304655,0.17445639043917288,0.5660201472619999
steady,1e-06,0.0,3000.0,20.0,3,3,3039.443155452436,39.1531322505798,0.03727428093979304,0.027958758999592662,0.07211623486067245,0.21451203148432954
steady,1e-06,1e-05,3000.0,20.0,3,1,3000.290023201856,0.0,0.5194152143868855,0.13012991286151368,1.0,1.0
steady,1e-06,1e-05,3000.0,20.0,3,2,3020.591647331786,20.301624129930133,0.09655990678414633,0.07546057695631193,0.18590119062670324,0.5798864788038265
steady,1e-06,1e-05,3000.0,20.0,3,3,3039.443155452436,39.1531322505798,0.03885473835405733,0.02882919456375624,0.07480477521229566,0.22154164196234208
steady,1e-06,5e-05,3000.0,20.0,3,1,3000.290023201856,0.0,0.5227616291315388,0.1431313114459635,1.0,1.0
steady,1e-06,5e-05,3000.0,20.0,3,2,3020.591647331786,20.301624129930133,0.1294053791355682,0.0822188741205366,0.24754184684623604,0.5744296848113264
steady,1e-06,5e-05,3000.0,20.0,3,3,3039.443155452436,39.1531322505798,0.040638422762099766,0.02803437696945227,0.07773796028146168,0.1958647390723875
steady,1e-06,0.0001,3000.0,20.0,3,1,3000.290023201856,0.0,0.5139345502112384,0.1288379180489401,1.0,1.0
steady,1e-06,0.0001,3000.0,20.0,3,2,3020.591647331786,20.301624129930133,0.1526371851844176,0.07944475777091488,0.29699732217201663,0.6166255941883286
steady,1e-06,0.0001,3000.0,20.0,3,3,3039.443155452436,39.1531322505798,0.04003281925520566,0.03542653477239632,0.0778947810353503,0.2749697861381094
steady,1e-06,0.0005,3000.0,20.0,3,1,3000.290023201856,0.0,0.5368027305418459,0.21093238752925164,1.0,1.0
steady,1e-06,0.0005,3000.0,20.0,3,2,3020.591647331786,20.301624129930133,0.1025240959203193,0.14639943483991155,0.19099026530068505,0.6940585869944188
steady,1e-06,0.0005,3000.0,20.0,3,3,3039.443155452436,39.1531322505798,0.03630289006748187,0.0682609289653327,0.06762799069750991,0.3236152103757249
steady,1e-06,0.001,3000.0,20.0,3,1,3000.290023201856,0.0,0.27081093580776994,0.27069142931710255,1.0,1.0
steady,1e-06,0.001,3000.0,20.0,3,2,3020.591647331786,20.301624129930133,0.06288605839335124,0.18621571303962434,0.23221388089729775,0.6879261508552648
steady,1e-06,0.001,3000.0,20.0,3,3,3039.443155452436,39.1531322505798,0.0168298917284066,0.08294187844466896,0.0621462780969561,0.3064074790026188
steady,5e-06,0.0,3000.0,20.0,3,1,3000.290023201856,0.0,0.5645420673272639,0.17864542424762989,1.0,1.0
steady,5e-06,0.0,3000.0,20.0,3,2,3020.591647331786,20.301624129930133,0.1299857999652259,0.08128490475048326,0.23024998044985975,0.45500692275112486
steady,5e-06,0.0,3000.0,20.0,3,3,3039.443155452436,39.1531322505798,0.02739259145983149,0.023991570129979607,0.048521789686138767,0.13429714324349903
steady,5e-06,1e-05,3000.0,20.0,3,1,3000.290023201856,0.0,0.5705007552623603,0.17053551741802214,1.0,1.0
steady,5e-06,1e-05,3000.0,20.0,3,2,3020.591647331786,20.301624129930133,0.12878298889412945,0.07857198682903908,0.22573675443234967,0.4607367897236381
steady,5e-06,1e-05,3000.0,20.0,3,3,3039.443155452436,39.1531322505798,0.02660840966905661,0.02748124944142428,0.04664044600049654,0.1611467796122573
steady,5e-06,5e-05,3000.0,20.0,3,1,3000.290023201856,0.0,0.5797899519963311,0.16812779960349267,1.0,1.0
steady,5e-06,5e-05,3000.0,20.0,3,2,3020.591647331786,20.301624129930133,0.12659194663698164,0.07008579271715971,0.2183410495492387,0.4168602270561314
steady,5e-06,5e-05,3000.0,20.0,3,3,3039.443155452436,39.1531322505798,0.025816395664151445,0.028604704814721032,0.044527152592521664,0.1701366750899106
steady,5e-06,0.0001,3000.0,20.0,3,1,3000.290023201856,0.0,0.5804639914408665,0.15361810513010407,1.0,1.0
steady,5e-06,0.0001,3000.0,20.0,3,2,3020.591647331786,20.301624129930133,0.1285844329025923,0.07591012054375072,0.22152008530867082,0.49414826774135784
steady,5e-06,0.0001,3000.0,20.0,3,3,3039.443155452436,39.1531322505798,0.02650433504548864,0.030480357441031388,0.045660601581327745,0.19841643935925782
steady,5e-06,0.0005,3000.0,20.0,3,1,3000.290023201856,0.0,0.6059918507250283,0.2701662242331318,1.0,1.0
steady,5e-06,0.0005,3000.0,20.0,3,2,3020.591647331786,20.301624129930133,0.05844806874070449,0.1712374194000453,0.09645025534712279,0.6338224546243839
steady,5e-06,0.0005,3000.0,20.0,3,3,3039.443155452436,39.1531322505798,0.019032035571746774,0.07201366946193889,0.03140642163582931,0.2665531920814678
steady,5e-06,0.001,3000.0,20.0,3,1,3000.290023201856,0.0,0.29294518657375385,0.325924202059559,1.0,1.0
steady,5e-06,0.001,3000.0,20.0,3,2,3020.591647331786,20.301624129930133,0.05347121775303697,0.1990477396414402,0.18252977076848026,0.6107178858876716
steady,5e-06,0.001,3000.0,20.0,3,3,3039.443155452436,39.1531322505798,0.014287935727328843,0.08898840225415257,0.04877341011961504,0.27303404193926945
steady,1e-05,0.0,3000.0,20.0,3,1,3000.290023201856,0.0,0.5484713436324287,0.1542953233089484,1.0,1.0
steady,1e-05,0.0,3000.0,20.0,3,2,3020.591647331786,20.301624129930133,0.1284677894882551,0.07820169863058823,0.23422880881512545,0.5068312956835608
steady,1e-05,0.0,3000.0,20.0,3,3,3039.443155452436,39.1531322505798,0.02936396829043468,0.03334009953241048,0.053537834986897063,0.21607978010877865
steady,1e-05,1e-05,3000.0,20.0,3,1,3000.290023201856,0.0,0.5502295671777067,0.15805630793096448,1.0,1.0
steady,1e-05,1e-05,3000.0,20.0,3,2,3020.591647331786,20.301624129930133,0.12860154430057344,0.08000880103383681,0.23372343467511122,0.5062044158894493
steady,1e-05,1e-05,3000.0,20.0,3,3,3039.443155452436,39.1531322505798,0.029124097234898068,0.03397587407884029,0.05293081101454497,0.21496057021450993
steady,1e-05,5e-05,3000.0,20.0,3,1,3000.290023201856,0.0,0.5645187451667816,0.20943694404676788,1.0,1.0
steady,1e-05,5e-05,3000.0,20.0,3,2,3020.591647331786,20.301624129930133,0.13076421298973215,0.08574680186943419,0.23163838952964996,0.4094158375911304
steady,1e-05,5e-05,3000.0,20.0,3,3,3039.443155452436,39.1531322505798,0.028576029724286627,0.029519536869529052,0.050620160922812435,0.14094713329534284
steady,1e-05,0.0001,3000.0,20.0,3,1,3000.290023201856,0.0,0.5837102438172065,0.17507474558937802,1.0,1.0
steady,1e-05,0.0001,3000.0,20.0,3,2,3020.591647331786,20.301624129930133,0.13243165997033396,0.08100966710406962,0.2268791088953477,0.46271474981360516
steady,1e-05,0.0001,3000.0,20.0,3,3,3039.443155452436,39.1531322505798,0.02714273505479734,0.03408062825997902,0.04650035757004344,0.19466330306663446
steady,1e-05,0.0005,3000.0,20.0,3,1,3000.290023201856,0.0,0.6112642896859971,0.330435629514571,1.0,1.0
steady,1e-05,0.0005,3000.0,20.0,3,2,3020.591647331786,20.301624129930133,0.05658183482937253,0.1577456754893039,0.09256525497087077,0.4773870049093719
steady,1e-05,0.0005,3000.0,20.0,3,3,3039.443155452436,39.1531322505798,0.015595829709098437,0.06124613034217386,0.025514053368159168,0.18534965624665825
steady,1e-05,0.001,3000.0,20.0,3,1,3000.290023201856,0.0,0.29598727349817894,0.3367390001667662,1.0,1.0
steady,1e-05,0.001,3000.0,20.0,3,2,3020.591647331786,20.301624129930133,0.05451754630945505,0.19844919161013866,0.18418881888106067,0.5893264264366732
steady,1e-05,0.001,3000.0,20.0,3,3,3039.443155452436,39.1531322505798,0.013468848851143725,0.0884708460350158,0.04550482421747296,0.26272824350966656
steady,5e-05,0.0,3000.0,20.0,3,1,3000.290023201856,0.0,0.6658815377531679,0.2295454421312136,1.0,1.0
steady,5e-05,0.0,3000.0,20.0,3,2,3020.591647331786,20.301624129930133,0.11270068595039354,0.09504704063450163,0.16925035394534388,0.4140663380289228
steady,5e-05,0.0,3000.0,20.0,3,3,3039.443155452436,39.1531322505798,0.026057035939108023,0.040432516128192576,0.03913163898045626,0.17614166394591443
steady,5e-05,1e-05,3000.0,20.0,3,1,3000.290023201856,0.0,0.6645646408788374,0.23113340069685523,1.0,1.0
steady,5e-05,1e-05,3000.0,20.0,3,2,3020.591647331786,20.301624129930133,0.11716838125927417,0.09534694885162033,0.176308479344203,0.41251912775978816
steady,5e-05,1e-05,3000.0,20.0,3,3,3039.443155452436,39.1531322505798,0.026381649290650042,0.040575219676587664,0.03969764213720771,0.17554892349723353
steady,5e-05,5e-05,3000.0,20.0,3,1,3000.290023201856,0.0,0.6491333344094351,0.23915536769366147,1.0,1.0
steady,5e-05,5e-05,3000.0,20.0,3,2,3020.591647331786,20.301624129930133,0.13926413991853712,0.09618445184020999,0.21453857402845605,0.40218395584335964
steady,5e-05,5e-05,3000.0,20.0,3,3,3039.443155452436,39.1531322505798,0.028732096625865688,0.04151195974394289,0.04426224182741349,0.17357736999286724
steady,5e-05,0.0001,3000.0,20.0,3,1,3000.290023201856,0.0,0.627043888840722,0.2520096479014677,1.0,1.0
steady,5e-05,0.0001,3000.0,20.0,3,2,3020.591647331786,20.301624129930133,0.14422431895067944,0.09872089651252987,0.23000673719557524,0.39173459164995295
steady,5e-05,0.0001,3000.0,20.0,3,3,3039.443155452436,39.1531322505798,0.031248049592500892,0.04497274291022076,0.04983391138740264,0.17845643325450972
steady,5e-05,0.0005,3000.0,20.0,3,1,3000.290023201856,0.0,0.5992654303293167,0.2592044115673451,1.0,1.0
steady,5e-05,0.0005,3000.0,20.0,3,2,3020.591647331786,20.301624129930133,0.058222554319800814,0.16174549045749106,0.09715653760939547,0.6240074753336797
steady,5e-05,0.0005,3000.0,20.0,3,3,3039.443155452436,39.1531322505798,0.015119398873935727,0.07231702747362626,0.025229886639092636,0.2789961291026763
steady,5e-05,0.001,3000.0,20.0,3,1,3000.290023201856,0.0,0.30143065318097034,0.3225096844918617,1.0,1.0
steady,5e-05,0.001,3000.0,20.0,3,2,3020.591647331786,20.301624129930133,0.05427747090476925,0.17818112642508147,0.18006619543163252,0.5524830260704241
steady,5e-05,0.001,3000.0,20.0,3,3,3039.443155452436,39.1531322505798,0.013741211416396159,0.0731325067478643,0.04558664247111699,0.22676065329042777
steady,0.0001,0.0,3000.0,20.0,3,1,3000.290023201856,0.0,0.5764353857037867,0.23501132382496334,1.0,1.0
steady,0.0001,0.0,3000.0,20.0,3,2,3020.591647331786,20.301624129930133,0.13616365049255477,0.09495837104192618,0.23621667557120668,0.4040587044760927
steady,0.0001,0.0,3000.0,20.0,3,3,3039.443155452436,39.1531322505798,0.03299476694899369,0.03801835238347693,0.05723931557170006,0.1617724276630731
steady,0.0001,1e-05,3000.0,20.0,3,1,3000.290023201856,0.0,0.5765604910193443,0.23582589682612481,1.0,1.0
steady,0.0001,1e-05,3000.0,20.0,3,2,3020.591647331786,20.301624129930133,0.13609889278379622,0.09553412785693048,0.2360531026730202,0.4051044823434642
steady,0.0001,1e-05,3000.0,20.0,3,3,3039.443155452436,39.1531322505798,0.03283938849089326,0.03852190724431982,0.056957403433651965,0.16334892716520505
steady,0.0001,5e-05,3000.0,20.0,3,1,3000.290023201856,0.0,0.585109693933363,0.24691940356924122,1.0,1.0
steady,0.0001,5e-05,3000.0,20.0,3,2,3020.591647331786,20.301624129930133,0.13811326439963614,0.1040576250344113,0.23604678888701783,0.4214234423469738
steady,0.0001,5e-05,3000.0,20.0,3,3,3039.443155452436,39.1531322505798,0.03309621750172355,0.045463204947596536,0.05656412437680927,0.18412163762921016
steady,0.0001,0.0001,3000.0,20.0,3,1,3000.290023201856,0.0,0.6043508466546611,0.2493380898338902,1.0,1.0
steady,0.0001,0.0001,3000.0,20.0,3,2,3020.591647331786,20.301624129930133,0.14240248977685138,0.1023080545684388,0.23562884136774145,0.41031859446984914
steady,0.0001,0.0001,3000.0,20.0,3,3,3039.443155452436,39.1531322505798,0.033505464728713304,0.04487062445520701,0.0554404199384849,0.17995896449315046
steady,0.0001,0.0005,3000.0,20.0,3,1,3000.290023201856,0.0,0.6130381386480537,0.30674514853878987,1.0,1.0
steady,0.0001,0.0005,3000.0,20.0,3,2,3020.591647331786,20.301624129930133,0.06216893740814749,0.1537911151719087,0.1014112067240221,0.501364458099851
steady,0.0001,0.0005,3000.0,20.0,3,3,3039.443155452436,39.1531322505798,0.016657836761163565,0.06687050507527577,0.027172594510839823,0.2180002043840624
steady,0.0001,0.001,3000.0,20.0,3,1,3000.290023201856,0.0,0.3214110213988624,0.3239817012888877,1.0,1.0
steady,0.0001,0.001,3000.0,20.0,3,2,3020.591647331786,20.301624129930133,0.0553524171842557,0.16661020411993954,0.1722169231887193,0.5142580690734033
steady,0.0001,0.001,3000.0,20.0,3,3,3039.443155452436,39.1531322505798,0.014201989545071712,0.0703468433249607,0.04418638005399145,0.21713214988717494
brunone,1e-06,0.0,3000.0,20.0,3,1,3000.290023201856,0.0,0.03822465248025425,0.01095178500871506,1.0,1.0
brunone,1e-06,0.0,3000.0,20.0,3,2,3020.591647331786,20.301624129930133,0.003571324386502031,0.009421900269137909,0.0934298719483944,0.860307270608424
brunone,1e-06,0.0,3000.0,20.0,3,3,3039.443155452436,39.1531322505798,0.018158785094913057,0.0027901106238330804,0.47505428870264704,0.25476309310425693
brunone,1e-06,1e-05,3000.0,20.0,3,1,3000.290023201856,0.0,0.04154390365322125,0.01112511095012276,1.0,1.0
brunone,1e-06,1e-05,3000.0,20.0,3,2,3020.591647331786,20.301624129930133,0.005061673717552689,0.009289468075163445,0.12183914539673296,0.8350000388140795
brunone,1e-06,1e-05,3000.0,20.0,3,3,3039.443155452436,39.1531322505798,0.01856084080874914,0.0028933457203160345,0.44677652258395706,0.26007342607977385
brunone,1e-06,5e-05,3000.0,20.0,3,1,3000.290023201856,0.0,0.04772470594357331,0.010335375185275653,1.0,1.0
brunone,1e-06,5e-05,3000.0,20.0,3,2,3020.591647331786,20.301624129930133,0.01094891610229524,0.006637671478573221,0.2294181993544507,0.6422284009611586
brunone,1e-06,5e-05,3000.0,20.0,3,3,3039.443155452436,39.1531322505798,0.017470782377216245,0.004345414366994116,0.36607417545689225,0.4204408924781786
brunone,1e-06,0.0001,3000.0,20.0,3,1,3000.290023201856,0.0,0.047651892869485304,0.011987456011386271,1.0,1.0
brunone,1e-06,0.0001,3000.0,20.0,3,2,3020.591647331786,20.301624129930133,0.014921374790874095,0.00528013267049265,0.3131328871183048,0.4404714949925424
brunone,1e-06,0.0001,3000.0,20.0,3,3,3039.443155452436,39.1531322505798,0.015516478405634276,0.005161783319884176,0.32562144903944656,0.4305987287862631
brunone,1e-06,0.0005,3000.0,20.0,3,1,3000.290023201856,0.0,0.06903510632672738,0.008666476923176162,1.0,1.0
brunone,1e-06,0.0005,3000.0,20.0,3,2,3020.591647331786,20.301624129930133,0.022885028995174264,0.008731438446510129,0.33149842468359,1.0074957244921803
brunone,1e-06,0.0005,3000.0,20.0,3,3,3039.443155452436,39.1531322505798,0.007690236248410202,0.006954984557721691,0.11139602236598392,0.8025157880617504
brunone,1e-06,0.001,3000.0,20.0,3,1,3000.290023201856,0.0,0.10506010674936322,0.010764509938889425,1.0,1.0
brunone,1e-06,0.001,3000.0,20.0,3,2,3020.591647331786,20.301624129930133,0.013243829536966506,0.00788135227005458,0.12605954768884506,0.732160805721519
brunone,1e-06,0.001,3000.0,20.0,3,3,3039.443155452436,39.1531322505798,0.006184163385957997,0.005291845928161075,0.058863098252043985,0.49160119301325433
brunone,5e-06,0.0,3000.0,20.0,3,1,3000.290023201856,0.0,0.09305901885215369,0.016175868575698072,1.0,1.0
brunone,5e-06,0.0,3000.0,20.0,3,2,3020.591647331786,20.301624129930133,0.015238951230559043,0.007664200654789087,0.16375576938727163,0.4738045823581586
brunone,5e-06,0.0,3000.0,20.0,3,3,3039.443155452436,39.1531322505798,0.007047888323915202,0.0038340981688364424,0.07573568269736912,0.23702579870095053
brunone,5e-06,1e-05,3000.0,20.0,3,1,3000.290023201856,0.0,0.0948319016987591,0.01631257532695068,1.0,1.0
brunone,5e-06,1e-05,3000.0,20.0,3,2,3020.591647331786,20.301624129930133,0.01535717095073259,0.008110804682568095,0.16194097846435512,0.4972117841606468
brunone,5e-06,1e-05,3000.0,20.0,3,3,3039.443155452436,39.1531322505798,0.007059304398803331,0.003989922392648876,0.07444018597483956,0.24459181414825162
brunone,5e-06,5e-05,3000.0,20.0,3,1,3000.290023201856,0.0,0.09597691787090439,0.01414849674555881,1.0,1.0
brunone,5e-06,5e-05,3000.0,20.0,3,2,3020.591647331786,20.301624129930133,0.014900151402823887,0.008826934576281982,0.15524723791261588,0.623877909789444
brunone,5e-06,5e-05,3000.0,20.0,3,3,3039.443155452436,39.1531322505798,0.0065363823674056834,0.003973309342351365,0.06810369109995354,0.28082908126607725
brunone,5e-06,0.0001,3000.0,20.0,3,1,3000.290023201856,0.0,0.09342937376931826,0.012498377626921117,1.0,1.0
brunone,5e-06,0.0001,3000.0,20.0,3,2,3020.591647331786,20.301624129930133,0.014368068012360135,0.009600823727815979,0.15378534001346947,0.7681655983202255
brunone,5e-06,0.0001,3000.0,20.0,3,3,3039.443155452436,39.1531322505798,0.006185341551392614,0.004518582380952113,0.06620339302139099,0.36153351385536847
brunone,5e-06,0.0005,3000.0,20.0,3,1,3000.290023201856,0.0,0.0853435206392494,0.011337649795595933,1.0,1.0
brunone,5e-06,0.0005,3000.0,20.0,3,2,3020.591647331786,20.301624129930133,0.012750330465000279,0.007348391224953653,0.14940009938067184,0.6481406073953799
brunone,5e-06,0.0005,3000.0,20.0,3,3,3039.443155452436,39.1531322505798,0.007440310296338903,0.0060074576562311995,0.08718072843267627,0.5298679853883628
brunone,5e-06,0.001,3000.0,20.0,3,1,3000.290023201856,0.0,0.12210024351179491,0.014482948556680227,1.0,1.0
brunone,5e-06,0.001,3000.0,20.0,3,2,3020.591647331786,20.301624129930133,0.017994768091182934,0.010531692154834066,0.14737700412075455,0.72717873115529
brunone,5e-06,0.001,3000.0,20.0,3,3,3039.443155452436,39.1531322505798,0.006471181337044829,0.005226873521438726,0.052998922450303805,0.36089843866964805
brunone,1e-05,0.0,3000.0,20.0,3,1,3000.290023201856,0.0,0.09543899160379828,0.014359241775976228,1.0,1.0
brunone,1e-05,0.0,3000.0,20.0,3,2,3020.591647331786,20.301624129930133,0.015613730400719188,0.0066646944526343515,0.16359907138936905,0.46413971967410833
brunone,1e-05,0.0,3000.0,20.0,3,3,3039.443155452436,39.1531322505798,0.006703086682175755,0.0038074304536221287,0.07023425718916529,0.26515539699262963
brunone,1e-05,1e-05,3000.0,20.0,3,1,3000.290023201856,0.0,0.09587814979067616,0.015002762366905977,1.0,1.0
brunone,1e-05,1e-05,3000.0,20.0,3,2,3020.591647331786,20.301624129930133,0.0157740076872753,0.00666124200938052,0.1645214026523619,0.444001034374463
brunone,1e-05,1e-05,3000.0,20.0,3,3,3039.443155452436,39.1531322505798,0.006753108659761708,0.0038119641170296713,0.07043428220616775,0.2540841495589064
brunone,1e-05,5e-05,3000.0,20.0,3,1,3000.290023201856,0.0,0.09602252373860988,0.017540624616729734,1.0,1.0
brunone,1e-05,5e-05,3000.0,20.0,3,2,3020.591647331786,20.301624129930133,0.016044908439938957,0.006835646181329165,0.16709525864594027,0.3897036924676859
brunone,1e-05,5e-05,3000.0,20.0,3,3,3039.443155452436,39.1531322505798,0.006706894150148403,0.0037456514772416277,0.06984709304668708,0.21354151058390103
brunone,1e-05,0.0001,3000.0,20.0,3,1,3000.290023201856,0.0,0.09914182295276946,0.01567320176952568,1.0,1.0
brunone,1e-05,0.0001,3000.0,20.0,3,2,3020.591647331786,20.301624129930133,0.01626073256466672,0.006863262217186626,0.16401486355978373,0.43789790485127716
brunone,1e-05,0.0001,3000.0,20.0,3,3,3039.443155452436,39.1531322505798,0.006584845824184413,0.003945097075999248,0.06641844610141365,0.251709710243757
brunone,1e-05,0.0005,3000.0,20.0,3,1,3000.290023201856,0.0,0.10505688501924207,0.011783597466254573,1.0,1.0
brunone,1e-05,0.0005,3000.0,20.0,3,2,3020.591647331786,20.301624129930133,0.00961665619446087,0.007973005765517738,0.09153761024514954,0.6766189857002952
brunone,1e-05,0.0005,3000.0,20.0,3,3,3039.443155452436,39.1531322505798,0.005358743772043455,0.005892952896503102,0.05100802076000974,0.50009794660579
brunone,1e-05,0.001,3000.0,20.0,3,1,3000.290023201856,0.0,0.12553800907208515,0.015262494673086496,1.0,1.0
brunone,1e-05,0.001,3000.0,20.0,3,2,3020.591647331786,20.301624129930133,0.010594775887516023,0.009752684225806479,0.08439496504546602,0.6389967324938117
brunone,1e-05,0.001,3000.0,20.0,3,3,3039.443155452436,39.1531322505798,0.005946753223535672,0.007579167989183294,0.04737014126232469,0.4965877565577933
brunone,5e-05,0.0,3000.0,20.0,3,1,3000.290023201856,0.0,0.11995546511670756,0.015718962169481484,1.0,1.0
brunone,5e-05,0.0,3000.0,20.0,3,2,3020.591647331786,20.301624129930133,0.019863119431806027,0.008073226848258962,0.16558744874592182,0.5135979564817078
brunone,5e-05,0.0,3000.0,20.0,3,3,3039.443155452436,39.1531322505798,0.004931649314693572,0.0051113155109012934,0.041112335397936656,0.3251687646926819
brunone,5e-05,1e-05,3000.0,20.0,3,1,3000.290023201856,0.0,0.11723623905320482,0.015470557476721462,1.0,1.0
brunone,5e-05,1e-05,3000.0,20.0,3,2,3020.591647331786,20.301624129930133,0.020572407814652,0.00790421218542038,0.1754782307995714,0.5109196741819965
brunone,5e-05,1e-05,3000.0,20.0,3,3,3039.443155452436,39.1531322505798,0.0047263730997698615,0.005140005123615321,0.040314949864818775,0.3322443377589646
brunone,5e-05,5e-05,3000.0,20.0,3,1,3000.290023201856,0.0,0.10447661737510264,0.014659816428234886,1.0,1.0
brunone,5e-05,5e-05,3000.0,20.0,3,2,3020.591647331786,20.301624129930133,0.023179282652297725,0.007244315912773097,0.22186096022880503,0.49416143430148995
brunone,5e-05,5e-05,3000.0,20.0,3,3,3039.443155452436,39.1531322505798,0.0043029201538888505,0.00547770974906609,0.04118548496301394,0.37365472998120164
brunone,5e-05,0.0001,3000.0,20.0,3,1,3000.290023201856,0.0,0.08718810111207248,0.013468238850661873,1.0,1.0
brunone,5e-05,0.0001,3000.0,20.0,3,2,3020.591647331786,20.301624129930133,0.0248029010864526,0.006753264485121054,0.28447575724318963,0.5014214969011466
brunone,5e-05,0.0001,3000.0,20.0,3,3,3039.443155452436,39.1531322505798,0.004924837074138701,0.005718275067347181,0.05648519707761802,0.42457481863459573
brunone,5e-05,0.0005,3000.0,20.0,3,1,3000.290023201856,0.0,0.10986224531732774,0.01304591888077843,1.0,1.0
brunone,5e-05,0.0005,3000.0,20.0,3,2,3020.591647331786,20.301624129930133,0.01389178269400123,0.008454480375699867,0.1264472854516672,0.6480555684089462
brunone,5e-05,0.0005,3000.0,20.0,3,3,3039.443155452436,39.1531322505798,0.003558633215661949,0.006966670650026311,0.03239177576776389,0.534011495372001
brunone,5e-05,0.001,3000.0,20.0,3,1,3000.290023201856,0.0,0.12822328457144908,0.01574228395413319,1.0,1.0
brunone,5e-05,0.001,3000.0,20.0,3,2,3020.591647331786,20.301624129930133,0.011110044974256501,0.012803590391401764,0.08664608001104292,0.8133248281320792
brunone,5e-05,0.001,3000.0,20.0,3,3,3039.443155452436,39.1531322505798,0.005227047790351024,0.007488558582302312,0.040765199611139176,0.4756970846238716
brunone,0.0001,0.0,3000.0,20.0,3,1,3000.290023201856,0.0,0.10646682737744298,0.013495049016780914,1.0,1.0
brunone,0.0001,0.0,3000.0,20.0,3,2,3020.591647331786,20.301624129930133,0.018285839703804277,0.008155519731082698,0.17175152255620307,0.6043342058959117
brunone,0.0001,0.0,3000.0,20.0,3,3,3039.443155452436,39.1531322505798,0.006041422090680234,0.005827621703668974,0.0567446428103128,0.43183405235671274
brunone,0.0001,1e-05,3000.0,20.0,3,1,3000.290023201856,0.0,0.1051401420389028,0.01331402061697116,1.0,1.0
brunone,0.0001,1e-05,3000.0,20.0,3,2,3020.591647331786,20.301624129930133,0.019105404435733286,0.007997239349143304,0.18171370197183215,0.6006629837232907
brunone,0.0001,1e-05,3000.0,20.0,3,3,3039.443155452436,39.1531322505798,0.005752256906838167,0.005781788404733814,0.054710377932624246,0.43426314041934594
brunone,0.0001,5e-05,3000.0,20.0,3,1,3000.290023201856,0.0,0.09706945636615219,0.012848772819611566,1.0,1.0
brunone,0.0001,5e-05,3000.0,20.0,3,2,3020.591647331786,20.301624129930133,0.022340852522087812,0.007615373084128849,0.23015326713911624,0.5926926400710594
brunone,0.0001,5e-05,3000.0,20.0,3,3,3039.443155452436,39.1531322505798,0.0047771652841296355,0.005661550121362648,0.04921388728200828,0.44062963839793406
brunone,0.0001,0.0001,3000.0,20.0,3,1,3000.290023201856,0.0,0.08555605434763357,0.011927893932333627,1.0,1.0
brunone,0.0001,0.0001,3000.0,20.0,3,2,3020.591647331786,20.301624129930133,0.02546361402887458,0.007141560868649398,0.297624922315961,0.5987277309106814
brunone,0.0001,0.0001,3000.0,20.0,3,3,3039.443155452436,39.1531322505798,0.004356572177063752,0.005639248081936492,0.05092067662870491,0.4727781881636169
brunone,0.0001,0.0005,3000.0,20.0,3,1,3000.290023201856,0.0,0.09678074061266881,0.011740064611226496,1.0,1.0
brunone,0.0001,0.0005,3000.0,20.0,3,2,3020.591647331786,20.301624129930133,0.009512811286851643,0.010824469662811555,0.09829240018862177,0.9220110809663349
brunone,0.0001,0.0005,3000.0,20.0,3,3,3039.443155452436,39.1531322505798,0.0054948700589679345,0.007505130320213182,0.056776482843412385,0.6392750439411009
brunone,0.0001,0.001,3000.0,20.0,3,1,3000.290023201856,0.0,0.11916543155940186,0.016417580000372536,1.0,1.0
brunone,0.0001,0.001,3000.0,20.0,3,2,3020.591647331786,20.301624129930133,0.014915328509942902,0.010998329654244757,0.12516489316373494,0.6699117442397229
brunone,0.0001,0.001,3000.0,20.0,3,3,3039.443155452436,39.1531322505798,0.005249747548497265,0.0072771065916609114,0.04405428218401038,0.44325086836767563
steady,1e-07,0.0,3000.0,20.0,5,1,3000.290023201856,0.0,0.2376091495277755,0.88918425273309,1.0,1.0
steady,1e-07,0.0,3000.0,20.0,5,2,3020.591647331786,20.301624129930133,0.15841041752184837,0.7639285882089104,0.666684838680132,0.8591341849125413
steady,1e-07,0.0,3000.0,20.0,5,3,3039.443155452436,39.1531322505798,0.09724225108887505,0.6991702955719226,0.4092529739790506,0.7863053055909159
steady,1e-07,0.0,3000.0,20.0,5,4,3059.7447795823664,59.45475638051039,0.057315118704015594,0.6152734260832906,0.24121595829926448,0.6919526793149132
steady,1e-07,0.0,3000.0,20.0,5,5,3080.046403712297,79.75638051044098,0.03486316977227114,0.45649759986203103,0.14672486241189878,0.5133892086582642
steady,1e-07,1e-06,3000.0,20.0,5,1,3000.290023201856,0.0,0.23729201496110983,0.888468881136885,1.0,1.0
steady,1e-07,1e-06,3000.0,20.0,5,2,3020.591647331786,20.301624129930133,0.15815175046412527,0.7637415404026792,0.6664857664512859,0.8596154087303488
steady,1e-07,1e-06,3000.0,20.0,5,3,3039.443155452436,39.1531322505798,0.09713325454576001,0.6976327968955554,0.40934059480121715,0.7852079140947111
steady,1e-07,1e-06,3000.0,20.0,5,4,3059.7447795823664,59.45475638051039,0.057437151955643716,0.6141168739522483,0.24205261169473902,0.6912080850444916
steady,1e-07,1e-06,3000.0,20.0,5,5,3080.046403712297,79.75638051044098,0.034923780196789496,0.4553300883801842,0.14717638182015189,0.5124885047155998
steady,1e-07,5e-06,3000.0,20.0,5,1,3000.290023201856,0.0,0.236621712493993,0.8919825377521967,1.0,1.0
steady,1e-07,5e-06,3000.0,20.0,5,2,3020.591647331786,20.301624129930133,0.157813122253105,0.7686704598662231,0.6669426934229941,0.8617550538638109
steady,1e-07,5e-06,3000.0,20.0,5,3,3039.443155452436,39.1531322505798,0.09734735863337812,0.6972096600024305,0.4114050126986949,0.781640481168392
steady,1e-07,5e-06,3000.0,20.0,5,4,3059.7447795823664,59.45475638051039,0.0588594418099522,0.6147753249655169,0.2487491160028116,0.6892234981581093
steady,1e-07,5e-06,3000.0,20.0,5,5,3080.046403712297,79.75638051044098,0.03569784138549637,0.45337862382588806,0.15086460582691716,0.5082819501919913
steady,1e-07,1e-05,3000.0,20.0,5,1,3000.290023201856,0.0,0.23500339329298314,0.9085636306686683,1.0,1.0
steady,1e-07,1e-05,3000.0,20.0,5,2,3020.591647331786,20.301624129930133,0.1570493192408114,0.7880250012683522,0.6682853257570416,0.8673305585525096
steady,1e-07,1e-05,3000.0,20.0,5,3,3039.443155452436,39.1531322505798,0.09765165785515098,0.7067562275246684,0.41553296948953766,0.7778830273059936
steady,1e-07,1e-05,3000.0,20.0,5,4,3059.7447795823664,59.45475638051039,0.0602020399609618,0.6262014142970224,0.25617519439775405,0.6892213084032012
steady,1e-07,1e-05,3000.0,20.0,5,5,3080.046403712297,79.75638051044098,0.036612922861254,0.45365283643970156,0.15579742210619052,0.4993077216901477
steady,1e-07,5e-05,3000.0,20.0,5,1,3000.290023201856,0.0,0.21580507443324284,0.933148819718706,1.0,1.0
steady,1e-07,5e-05,3000.0,20.0,5,2,3020.591647331786,20.301624129930133,0.14532451772042898,0.7918465552066776,0.6734063974264131,0.8485747808644033
steady,1e-07,5e-05,3000.0,20.0,5,3,3039.443155452436,39.1531322505798,0.09593315956170317,0.7015622294520938,0.444536162153032,0.751822447424385
steady,1e-07,5e-05,3000.0,20.0,5,4,3059.7447795823664,59.45475638051039,0.06477687244985827,0.6222111615019064,0.300163805786209,0.666786635050848
steady,1e-07,5e-05,3000.0,20.0,5,5,3080.046403712297,79.75638051044098,0.04090383119702553,0.4606940071049629,0.18954063663446766,0.49369832267894553
steady,1e-07,0.0001,3000.0,20.0,5,1,3000.290023201856,0.0,0.2157732035101856,0.9498184479433057,1.0,1.0
steady,1e-07,0.0001,3000.0,20.0,5,2,3020.591647331786,20.301624129930133,0.14365714213201086,0.799438274265164,0.6657784182419552,0.8416748232214607
steady,1e-07,0.0001,3000.0,20.0,5,3,3039.443155452436,39.1531322505798,0.09383130621869401,0.7256858980285127,0.4348607922218881,0.7640259036870471
steady,1e-07,0.0001,3000.0,20.0,5,4,3059.7447795823664,59.45475638051039,0.06449458805346903,0.6355853740172082,0.29889989583634535,0.6691651182323066
steady,1e-07,0.0001,3000.0,20.0,5,5,3080.046403712297,79.75638051044098,0.04068080435333016,0.5054194238551699,0.18853501589417618,0.5321221386566901
steady,1e-07,0.0005,3000.0,20.0,5,1,3000.290023201856,0.0,0.2139487272039535,1.2066404810545261,1.0,1.0
steady,1e-07,0.0005,3000.0,20.0,5,2,3020.591647331786,20.301624129930133,0.11005322968131338,0.9459821211298306,0.5143906725670847,0.7839800967916335
steady,1e-07,0.0005,3000.0,20.0,5,3,3039.443155452436,39.1531322505798,0.06302704495019093,0.7795931507050536,0.2945894830685689,0.6460856924207775
steady,1e-07,0.0005,3000.0,20.0,5,4,3059.7447795823664,59.45475638051039,0.031089346129528767,0.7731178834657277,0.14531213406047444,0.6407193323980581
steady,1e-07,0.0005,3000.0,20.0,5,5,3080.046403712297,79.75638051044098,0.017409151081952744,0.5439487425970477,0.0813706690825831,0.4507960333981763
steady,1e-07,0.001,3000.0,20.0,5,1,3000.290023201856,0.0,0.07497222542034467,1.2415274331393296,1.0,1.0
steady,1e-07,0.001,3000.0,20.0,5,2,3020.591647331786,20.301624129930133,0.036796098773269253,1.0103788740935966,0.49079640582849987,0.8138192094062311
steady,1e-07,0.001,3000.0,20.0,5,3,3039.443155452436,39.1531322505798,0.01932698426553072,0.6901499106414062,0.257788589803366,0.5558877655214522
steady,1e-07,0.001,3000.0,20.0,5,4,3059.7447795823664,59.45475638051039,0.015021954100239696,0.7347002426979341,0.20036692276395063,0.591771251352996
steady,1e-07,0.001,3000.0,20.0,5,5,3080.046403712297,79.75638051044098,0.005159654409008082,0.5528686368587499,0.06882087839969526,0.445313266627355
steady,1e-07,0.005,3000.0,20.0,5,1,3000.290023201856,0.0,0.10136544275187076,5.716008799308482,1.0,1.0
steady,1e-07,0.005,3000.0,20.0,5,2,3020.591647331786,20.301624129930133,0.06615271396307076,0.8657296681880593,0.6526160411986153,0.15145702160094549
steady,1e-07,0.005,3000.0,20.0,5,3,3039.443155452436,39.1531322505798,0.05219258059409271,0.5099637667332981,0.5148952066618331,0.08921675676828789
steady,1e-07,0.005,3000.0,20.0,5,4,3059.7447795823664,59.45475638051039,0.009139977779315163,0.15927301418721115,0.09016857748738516,0.02786437526241735
steady,1e-07,0.005,3000.0,20.0,5,5,3080.046403712297,79.75638051044098,0.007993643646283697,0.18476804722426973,0.07885965304616764,0.032324661089853955
steady,5e-07,0.0,3000.0,20.0,5,1,3000.290023201856,0.0,0.46063424989769536,1.3858328459770923,1.0,1.0
steady,5e-07,0.0,3000.0,20.0,5,2,3020.591647331786,20.301624129930133,0.13297043631151245,0.8797807619668315,0.28866814905978994,0.6348390172167807
steady,5e-07,0.0,3000.0,20.0,5,3,3039.443155452436,39.1531322505798,0.05400961065657738,0.4357092061683628,0.1172505315628889,0.31440242409694263
steady,5e-07,0.0,3000.0,20.0,5,4,3059.7447795823664,59.45475638051039,0.008514272666313723,0.4221468279182772,0.01848380286139101,0.30461597814175
steady,5e-07,0.0,3000.0,20.0,5,5,3080.046403712297,79.75638051044098,0.001682235054964483,0.2777060525096156,0.003651997339186349,0.20038928454882796
steady,5e-07,1e-06,3000.0,20.0,5,1,3000.290023201856,0.0,0.4606708049110863,1.3839910421976362,1.0,1.0
steady,5e-07,1e-06,3000.0,20.0,5,2,3020.591647331786,20.301624129930133,0.13378472450341128,0.8797725781897374,0.2904128568104787,0.6356779425340416
steady,5e-07,1e-06,3000.0,20.0,5,3,3039.443155452436,39.1531322505798,0.053966161998884425,0.43494978091019576,0.11714691146815867,0.31427210700694996
steady,5e-07,1e-06,3000.0,20.0,5,4,3059.7447795823664,59.45475638051039,0.00865516011304354,0.422432248115772,0.018788167213492215,0.30522758835562463
steady,5e-07,1e-06,3000.0,20.0,5,5,3080.046403712297,79.75638051044098,0.001483015691336764,0.27821942078581646,0.0032192526105990146,0.20102689417991643
steady,5e-07,5e-06,3000.0,20.0,5,1,3000.290023201856,0.0,0.4612674395508021,1.3803419201530127,1.0,1.0
steady,5e-07,5e-06,3000.0,20.0,5,2,3020.591647331786,20.301624129930133,0.1378151028389197,0.8812159485309152,0.29877483434150204,0.6384041052909784
steady,5e-07,5e-06,3000.0,20.0,5,3,3039.443155452436,39.1531322505798,0.05428631596481932,0.4353406378622624,0.11768946019186868,0.31538608768326354
steady,5e-07,5e-06,3000.0,20.0,5,4,3059.7447795823664,59.45475638051039,0.009892699043737746,0.42604086536651253,0.021446775114609413,0.3086487913945882
steady,5e-07,5e-06,3000.0,20.0,5,5,3080.046403712297,79.75638051044098,0.002121054645904833,0.2820813880435034,0.004598318597927458,0.20435616996420303
steady,5e-07,1e-05,3000.0,20.0,5,1,3000.290023201856,0.0,0.4618406053742397,1.3823497390611177,1.0,1.0
steady,5e-07,1e-05,3000.0,20.0,5,2,3020.591647331786,20.301624129930133,0.14309957857662411,0.8866235784673622,0.3098462476262072,0.6413887552578053
steady,5e-07,1e-05,3000.0,20.0,5,3,3039.443155452436,39.1531322505798,0.054638684731927005,0.4393923266843038,0.11830636824939215,0.3178590151742178
steady,5e-07,1e-05,3000.0,20.0,5,4,3059.7447795823664,59.45475638051039,0.011545249924886045,0.4338957820144095,0.02499834313080954,0.31388278215982335
steady,5e-07,1e-05,3000.0,20.0,5,5,3080.046403712297,79.75638051044098,0.0030102140539638904,0.2888105257704985,0.006517863563609023,0.20892724728740253
steady,5e-07,5e-05,3000.0,20.0,5,1,3000.290023201856,0.0,0.4487970950201511,1.526598759467505,1.0,1.0
steady,5e-07,5e-05,3000.0,20.0,5,2,3020.591647331786,20.301624129930133,0.17272279197747492,1.006586653574695,0.384857196924859,0.6593655650066189
steady,5e-07,5e-05,3000.0,20.0,5,3,3039.443155452436,39.1531322505798,0.056361068891534125,0.4908814239842016,0.12558251717071275,0.32155235351784683
steady,5e-07,5e-05,3000.0,20.0,5,4,3059.7447795823664,59.45475638051039,0.024738529813168233,0.479689855410148,0.055121858157431855,0.3142213056543222
steady,5e-07,5e-05,3000.0,20.0,5,5,3080.046403712297,79.75638051044098,0.0056605770335565525,0.3285832994233019,0.012612775564651084,0.21523880940261964
steady,5e-07,0.0001,3000.0,20.0,5,1,3000.290023201856,0.0,0.4408307773931531,1.5096885083773648,1.0,1.0
steady,5e-07,0.0001,3000.0,20.0,5,2,3020.591647331786,20.301624129930133,0.1736909719399813,0.9846613604459413,0.3940082699468048,0.652228161625387
steady,5e-07,0.0001,3000.0,20.0,5,3,3039.443155452436,39.1531322505798,0.059429002173424436,0.5761577019240571,0.13481137257443104,0.38164011895627387
steady,5e-07,0.0001,3000.0,20.0,5,4,3059.7447795823664,59.45475638051039,0.031073524074076344,0.5495510367934219,0.07048855403842086,0.36401617535268077
steady,5e-07,0.0001,3000.0,20.0,5,5,3080.046403712297,79.75638051044098,0.011523929595084461,0.4262314207564231,0.02614139072419368,0.2823307049045123
steady,5e-07,0.0005,3000.0,20.0,5,1,3000.290023201856,0.0,0.3465879399673827,2.8311500340133287,1.0,1.0
steady,5e-07,0.0005,3000.0,20.0,5,2,3020.591647331786,20.301624129930133,0.07469585951682485,2.1277808560081235,0.21551776880596152,0.7515606133355863
steady,5e-07,0.0005,3000.0,20.0,5,3,3039.443155452436,39.1531322505798,0.0254793196018417,1.040628508514955,0.0735147322328629,0.36756388605792123
steady,5e-07,0.0005,3000.0,20.0,5,4,3059.7447795823664,59.45475638051039,0.015088371751754393,1.0090681288577759,0.04353403570007184,0.356416338496678
steady,5e-07,0.0005,3000.0,20.0,5,5,3080.046403712297,79.75638051044098,0.009355888630497368,0.7039580727986472,0.02699427057784483,0.2486473921697267
steady,5e-07,0.001,3000.0,20.0,5,1,3000.290023201856,0.0,0.0430707142875229,2.538925848335065,1.0,1.0
steady,5e-07,0.001,3000.0,20.0,5,2,3020.591647331786,20.301624129930133,0.05258729051551778,2.004080779065957,1.2209523660198904,0.7893419890069496
steady,5e-07,0.001,3000.0,20.0,5,3,3039.443155452436,39.1531322505798,0.023109675930075266,1.0950723326681666,0.5365519544394898,0.4313132395679358
steady,5e-07,0.001,3000.0,20.0,5,4,3059.7447795823664,59.45475638051039,0.015810137595407222,0.9777653407506641,0.3670739586500715,0.38510984532764
steady,5e-07,0.001,3000.0,20.0,5,5,3080.046403712297,79.75638051044098,0.004813948547507539,0.7444669170174306,0.11176848647950298,0.29322121302031123
steady,5e-07,0.005,3000.0,20.0,5,1,3000.290023201856,0.0,0.09117405856999224,3.865912189412093,1.0,1.0
steady,5e-07,0.005,3000.0,20.0,5,2,3020.591647331786,20.301624129930133,0.03575047268148545,0.9135227525259109,0.3921123315360655,0.23630199232870688
steady,5e-07,0.005,3000.0,20.0,5,3,3039.443155452436,39.1531322505798,0.009905811610616096,0.3874417712807658,0.10864725960412996,0.10022001336240538
steady,5e-07,0.005,3000.0,20.0,5,4,3059.7447795823664,59.45475638051039,0.0071914596419473354,0.19699428480349604,0.07887616011331355,0.05095674064791779
steady,5e-07,0.005,3000.0,20.0,5,5,3080.046403712297,79.75638051044098,0.008749627787382856,0.1257174017456201,0.09596619833114008,0.03251946645087625
steady,1e-06,1e-06,3000.0,20.0,5,1,3000.290023201856,0.0,0.5137765681060575,1.6302986053650854,1.0,1.0
steady,1e-06,1e-06,3000.0,20.0,5,2,3020.591647331786,20.301624129930133,0.07116982471796897,0.9627127350794444,0.13852290885963014,0.5905131317117558
steady,1e-06,1e-06,3000.0,20.0,5,3,3039.443155452436,39.1531322505798,0.02645119635165499,0.35815113196209225,0.051483851140121946,0.21968437609126745
steady,1e-06,1e-06,3000.0,20.0,5,4,3059.7447795823664,59.45475638051039,0.00537961006404715,0.31930623846272305,0.010470718981751328,0.19585751801046183
steady,1e-06,1e-06,3000.0,20.0,5,5,3080.046403712297,79.75638051044098,0.008441387001742927,0.20970994126501372,0.016430073938289054,0.12863284098685207
steady,1e-06,5e-06,3000.0,20.0,5,1,3000.290023201856,0.0,0.518157754864101,1.6213626744200311,1.0,1.0
steady,1e-06,5e-06,3000.0,20.0,5,2,3020.591647331786,20.301624129930133,0.07764565182157909,0.9710060368873059,0.14984944467721706,0.5988826881281446
steady,1e-06,5e-06,3000.0,20.0,5,3,3039.443155452436,39.1531322505798,0.029741110143970458,0.3640865195905772,0.05739779027676766,0.22455587841925165
steady,1e-06,5e-06,3000.0,20.0,5,4,3059.7447795823664,59.45475638051039,0.006261753404435605,0.3267248529596401,0.01208464670393266,0.2015125043362128
steady,1e-06,5e-06,3000.0,20.0,5,5,3080.046403712297,79.75638051044098,0.007920770595030317,0.2121363438073716,0.015286407509442226,0.1308383048124959
steady,1e-06,0.005,3000.0,20.0,5,1,3000.290023201856,0.0,0.07148581808570653,3.4510467339487216,1.0,1.0
steady,1e-06,0.005,3000.0,20.0,5,2,3020.591647331786,20.301624129930133,0.0242159177617654,0.808856070092664,0.3387513553070372,0.23437992367236446
steady,1e-06,0.005,3000.0,20.0,5,3,3039.443155452436,39.1531322505798,0.015049113586343062,0.3534578930189183,0.21051886918745505,0.10242048870039157
steady,1e-06,0.005,3000.0,20.0,5,4,3059.7447795823664,59.45475638051039,0.008591416037572259,0.14164387174005463,0.12018350307289968,0.041043741988965855
steady,1e-06,0.005,3000.0,20.0,5,5,3080.046403712297,79.75638051044098,0.005648183688219359,0.10677634534633842,0.07901124781768014,0.030940278002020528
steady,5e-06,1e-06,3000.0,20.0,5,1,3000.290023201856,0.0,0.5870502118748869,2.1084414814711625,1.0,1.0
steady,5e-06,1e-06,3000.0,20.0,5,2,3020.591647331786,20.301624129930133,0.12141749173938003,1.1559019159442654,0.20682641669032686,0.5482257516285138
steady,5e-06,1e-06,3000.0,20.0,5,3,3039.443155452436,39.1531322505798,0.0224034291145994,0.4918415031536467,0.038162713617032225,0.2332725415791312
steady,5e-06,1e-06,3000.0,20.0,5,4,3059.7447795823664,59.45475638051039,0.011912460285383559,0.3652118996396353,0.020292063684532596,0.17321415028545595
steady,5e-06,1e-06,3000.0,20.0,5,5,3080.046403712297,79.75638051044098,0.0048581105964635935,0.2457388639156674,0.00827546008534439,0.11655000438722321
steady,5e-06,5e-06,3000.0,20.0,5,1,3000.290023201856,0.0,0.5853222406672581,2.1071661626444356,1.0,1.0
steady,5e-06,5e-06,3000.0,20.0,5,2,3020.591647331786,20.301624129930133,0.12298397696169314,1.1447039546195341,0.21011328191030865,0.5432433259952135
steady,5e-06,5e-06,3000.0,20.0,5,3,3039.443155452436,39.1531322505798,0.02245952117312431,0.49138034810356546,0.03837120753778433,0.2331948741464682
steady,5e-06,5e-06,3000.0,20.0,5,4,3059.7447795823664,59.45475638051039,0.012213714355850754,0.3671385775394098,0.020866650038664704,0.1742333300752424
steady,5e-06,5e-06,3000.0,20.0,5,5,3080.046403712297,79.75638051044098,0.004887186158594314,0.24974402050306307,0.008349565109678728,0.11852127512793827
steady,5e-06,0.005,3000.0,20.0,5,1,3000.290023201856,0.0,0.035963859844235606,2.181576629985714,1.0,1.0
steady,5e-06,0.005,3000.0,20.0,5,2,3020.591647331786,20.301624129930133,0.039178259082163665,0.6572765153903973,1.089378594284653,0.301285091871699
steady,5e-06,0.005,3000.0,20.0,5,3,3039.443155452436,39.1531322505798,0.015115754568750934,0.2280727492186172,0.4203040117000604,0.10454491769106948
steady,5e-06,0.005,3000.0,20.0,5,4,3059.7447795823664,59.45475638051039,0.006781994701198413,0.14502107931436128,0.18857805392892085,0.06647535425574803
steady,5e-06,0.005,3000.0,20.0,5,5,3080.046403712297,79.75638051044098,0.003998160511503606,0.09082470802583735,0.11117161864216427,0.041632600376009764
steady,1e-05,1e-06,3000.0,20.0,5,1,3000.290023201856,0.0,0.5009462298898271,2.5136227904512434,1.0,1.0
steady,1e-05,1e-06,3000.0,20.0,5,2,3020.591647331786,20.301624129930133,0.11875903988439228,1.293981618180784,0.23706943539730985,0.5147875103203092
steady,1e-05,1e-06,3000.0,20.0,5,3,3039.443155452436,39.1531322505798,0.02838322381254921,0.5638579240191337,0.05665922232570055,0.22432081940103288
steady,1e-05,1e-06,3000.0,20.0,5,4,3059.7447795823664,59.45475638051039,0.021410841084142575,0.42969713998496123,0.042740796929146375,0.17094734405547873
steady,1e-05,1e-06,3000.0,20.0,5,5,3080.046403712297,79.75638051044098,0.012095188943812953,0.3137241186380151,0.024144685042290955,0.12480954574003349
steady,1e-05,5e-06,3000.0,20.0,5,1,3000.290023201856,0.0,0.5023298743196067,2.4869155946266526,1.0,1.0
steady,1e-05,5e-06,3000.0,20.0,5,2,3020.591647331786,20.301624129930133,0.11906862342603243,1.2808205451197496,0.23703273389285856,0.5150237297506803
steady,1e-05,5e-06,3000.0,20.0,5,3,3039.443155452436,39.1531322505798,0.028423402450065596,0.5602950942088039,0.056583141682672936,0.22529718958673303
steady,1e-05,5e-06,3000.0,20.0,5,4,3059.7447795823664,59.45475638051039,0.021428427121535403,0.42618767987031875,0.04265807832066463,0.171371992194331
steady,1e-05,5e-06,3000.0,20.0,5,5,3080.046403712297,79.75638051044098,0.012086452972970872,0.31102673179812856,0.02406078871845253,0.125065254514527
steady,1e-05,0.005,3000.0,20.0,5,1,3000.290023201856,0.0,0.02311762153182992,1.7843857609474683,1.0,1.0
steady,1e-05,0.005,3000.0,20.0,5,2,3020.591647331786,20.301624129930133,0.05019053149408065,0.7624386031606076,2.1710940904960703,0.42728350553288996
steady,1e-05,0.005,3000.0,20.0,5,3,3039.443155452436,39.1531322505798,0.010387752980459788,0.23336994217657425,0.4493435004183809,0.13078446784548434
steady,1e-05,0.005,3000.0,20.0,5,4,3059.7447795823664,59.45475638051039,0.007156550975639673,0.1586920373668743,0.30957124917829654,0.08893370527828715
steady,1e-05,0.005,3000.0,20.0,5,5,3080.046403712297,79.75638051044098,0.005349969204842945,0.0874969662499936,0.2314238598238466,0.04903478169627105
steady,5e-05,1e-06,3000.0,20.0,5,1,3000.290023201856,0.0,0.523621121668542,3.3749911817323,1.0,1.0
steady,5e-05,1e-06,3000.0,20.0,5,2,3020.591647331786,20.301624129930133,0.12386318913076473,1.2308764587546717,0.23655117031197895,0.36470508883608194
steady,5e-05,1e-06,3000.0,20.0,5,3,3039.443155452436,39.1531322505798,0.030078254222250952,0.4151803071953463,0.05744278253406825,0.12301670873766386
steady,5e-05,1e-06,3000.0,20.0,5,4,3059.7447795823664,59.45475638051039,0.022324095067683576,0.34887653794914064,0.04263406143080488,0.1033710961490782
steady,5e-05,1e-06,3000.0,20.0,5,5,3080.046403712297,79.75638051044098,0.012769571503077696,0.2667069968865658,0.024387044323931944,0.07902450185060088
steady,5e-05,5e-06,3000.0,20.0,5,1,3000.290023201856,0.0,0.5260761746079708,3.3931637647228574,1.0,1.0
steady,5e-05,5e-06,3000.0,20.0,5,2,3020.591647331786,20.301624129930133,0.12446471455570891,1.2035753317508446,0.23659066987487004,0.3547059367613955
steady,5e-05,5e-06,3000.0,20.0,5,3,3039.443155452436,39.1531322505798,0.030213840000868297,0.41237117862462014,0.057432443169249184,0.12152999596183689
steady,5e-05,5e-06,3000.0,20.0,5,4,3059.7447795823664,59.45475638051039,0.022421585704554773,0.3496073073041824,0.042620416560896754,0.10303284236938007
steady,5e-05,5e-06,3000.0,20.0,5,5,3080.046403712297,79.75638051044098,0.012820225561242007,0.26720443283860096,0.024369523236431625,0.07874787406862024
steady,5e-05,0.005,3000.0,20.0,5,1,3000.290023201856,0.0,0.004061261211064229,1.3908118600395865,1.0,1.0
steady,5e-05,0.005,3000.0,20.0,5,2,3020.591647331786,20.301624129930133,0.0521184266631137,0.7294005002868593,12.833064399090052,0.5244422493392445
steady,5e-05,0.005,3000.0,20.0,5,3,3039.443155452436,39.1531322505798,0.013946744807983838,0.37149997895265535,3.4340920426364745,0.26711016035057494
steady,5e-05,0.005,3000.0,20.0,5,4,3059.7447795823664,59.45475638051039,0.010128038882383929,0.2662490141358401,2.4938161708958235,0.1914342419601325
steady,5e-05,0.005,3000.0,20.0,5,5,3080.046403712297,79.75638051044098,0.0057988047767368826,0.19029971125492776,1.427833491955407,0.13682635065357532
steady,0.0001,1e-06,3000.0,20.0,5,1,3000.290023201856,0.0,0.5678757211376998,2.5347778821693465,1.0,1.0
steady,0.0001,1e-06,3000.0,20.0,5,2,3020.591647331786,20.301624129930133,0.1340384911419598,1.071536561316874,0.23603490368178257,0.42273390850318515
steady,0.0001,1e-06,3000.0,20.0,5,3,3039.443155452436,39.1531322505798,0.032370699303751437,0.4732469979404093,0.05700314012174878,0.18670156516254155
steady,0.0001,1e-06,3000.0,20.0,5,4,3059.7447795823664,59.45475638051039,0.023868593378014172,0.37026530116640305,0.04203136793768026,0.1460740618619876
steady,0.0001,1e-06,3000.0,20.0,5,5,3080.046403712297,79.75638051044098,0.013516687559898112,0.2737923403924509,0.023802193079884383,0.10801433226888123
steady,0.0001,5e-06,3000.0,20.0,5,1,3000.290023201856,0.0,0.5690915907822988,2.5436145849169653,1.0,1.0
steady,0.0001,5e-06,3000.0,20.0,5,2,3020.591647331786,20.301624129930133,0.134310948864003,1.077451908132527,0.23600937184711016,0.423590867312038
steady,0.0001,5e-06,3000.0,20.0,5,3,3039.443155452436,39.1531322505798,0.0323966533117985,0.47638065376255373,0.05692695839568568,0.18728491988816964
steady,0.0001,5e-06,3000.0,20.0,5,4,3059.7447795823664,59.45475638051039,0.02387334083470945,0.37261480822700505,0.0419499096830654,0.14649027821924082
steady,0.0001,5e-06,3000.0,20.0,5,5,3080.046403712297,79.75638051044098,0.013497921925384775,0.2756471941083426,0.02371836474833502,0.10836830223527788
steady,0.0001,0.005,3000.0,20.0,5,1,3000.290023201856,0.0,0.0020460706860145365,1.0690005426564204,1.0,1.0
steady,0.0001,0.005,3000.0,20.0,5,2,3020.591647331786,20.301624129930133,0.05152039121280686,0.4741813940223929,25.180161939156402,0.44357451198675024
steady,0.0001,0.005,3000.0,20.0,5,3,3039.443155452436,39.1531322505798,0.013773347935216068,0.23261689479640468,6.731609044282165,0.21760222330510862
steady,0.0001,0.005,3000.0,20.0,5,4,3059.7447795823664,59.45475638051039,0.010360507614602367,0.19789701756651676,5.063611773248756,0.18512340234622443
steady,0.0001,0.005,3000.0,20.0,5,5,3080.046403712297,79.75638051044098,0.00631807641556294,0.15820496396053962,3.0879072061140183,0.1479933429850345
steady,0.0005,0.0,3000.0,20.0,5,1,3000.290023201856,0.0,0.6051645029757138,3.5914500602957586,1.0,1.0
steady,0.0005,0.0,3000.0,20.0,5,2,3020.591647331786,20.301624129930133,0.13908040854495843,1.933037684649976,0.22982248274819905,0.5382332072552302
steady,0.0005,0.0,3000.0,20.0,5,3,3039.443155452436,39.1531322505798,0.03048421898959825,0.819195345513037,0.05037344199750862,0.22809598679079937
steady,0.0005,0.0,3000.0,20.0,5,4,3059.7447795823664,59.45475638051039,0.02098135053754296,0.5649512320860728,0.03467049113815087,0.15730449333870136
steady,0.0005,0.0,3000.0,20.0,5,5,3080.046403712297,79.75638051044098,0.010296823994723708,0.37679262090661914,0.017014917339156846,0.10491378540165194
steady,0.0005,1e-06,3000.0,20.0,5,1,3000.290023201856,0.0,0.6050576650850207,3.5905702232251473,1.0,1.0
steady,0.0005,1e-06,3000.0,20.0,5,2,3020.591647331786,20.301624129930133,0.13894139699128122,1.932399674095742,0.22963331432510262,0.5381874058878616
steady,0.0005,1e-06,3000.0,20.0,5,3,3039.443155452436,39.1531322505798,0.030336675604666928,0.8198558521417977,0.050138486553019904,0.2283358355836252
steady,0.0005,1e-06,3000.0,20.0,5,4,3059.7447795823664,59.45475638051039,0.020832882740193567,0.5652072601739064,0.03443123514064763,0.15741434508589613
steady,0.0005,1e-06,3000.0,20.0,5,5,3080.046403712297,79.75638051044098,0.010148114773146383,0.3772231348593952,0.016772144803289788,0.1050593948613998
steady,0.0005,5e-06,3000.0,20.0,5,1,3000.290023201856,0.0,0.6053344163509451,3.5855735778270956,1.0,1.0
steady,0.0005,5e-06,3000.0,20.0,5,2,3020.591647331786,20.301624129930133,0.1389473907572451,1.92860892022891,0.22953823044597846,0.5378801685050547
steady,0.0005,5e-06,3000.0,20.0,5,3,3039.443155452436,39.1531322505798,0.030279694842010655,0.822406733111867,0.05002143282145035,0.22936546001944164
steady,0.0005,5e-06,3000.0,20.0,5,4,3059.7447795823664,59.45475638051039,0.020768417665514835,0.5659946470702291,0.034308998637001764,0.15785330708880033
steady,0.0005,5e-06,3000.0,20.0,5,5,3080.046403712297,79.75638051044098,0.010082658052405517,0.37892301307231957,0.016656343634292973,0.10567988770765983
steady,0.0005,1e-05,3000.0,20.0,5,1,3000.290023201856,0.0,0.6060510506971715,3.57342129993579,1.0,1.0
steady,0.0005,1e-05,3000.0,20.0,5,2,3020.591647331786,20.301624129930133,0.138995255284215,1.9197062733317145,0.22934578716482987,0.5372180082337924
steady,0.0005,1e-05,3000.0,20.0,5,3,3039.443155452436,39.1531322505798,0.030181176473920508,0.8258589533345125,0.04979972634186767,0.23111155501013894
steady,0.0005,1e-05,3000.0,20.0,5,4,3059.7447795823664,59.45475638051039,0.020652224371904844,0.5675155581425996,0.03407670747892861,0.1588157428156588
steady,0.0005,1e-05,3000.0,20.0,5,5,3080.046403712297,79.75638051044098,0.009965756228226751,0.3820912434127652,0.016443757034597387,0.10692588736168077
steady,0.0005,5e-05,3000.0,20.0,5,1,3000.290023201856,0.0,0.6165947298181231,3.458999073971867,1.0,1.0
steady,0.0005,5e-05,3000.0,20.0,5,2,3020.591647331786,20.301624129930133,0.1390235599024674,1.8394052043169495,0.2254699126985324,0.5317738354306105
steady,0.0005,5e-05,3000.0,20.0,5,3,3039.443155452436,39.1531322505798,0.028273004829276024,0.8561059090034855,0.04585346494546865,0.24750105180584633
steady,0.0005,5e-05,3000.0,20.0,5,4,3059.7447795823664,59.45475638051039,0.018506524433519227,0.6004477474287542,0.030014081435594,0.17359002838334897
steady,0.0005,5e-05,3000.0,20.0,5,5,3080.046403712297,79.75638051044098,0.00784615242684291,0.42473000383196235,0.01272497484556394,0.12278985762903295
steady,0.0005,0.0001,3000.0,20.0,5,1,3000.290023201856,0.0,0.6304759922998397,3.3378452666602163,1.0,1.0
steady,0.0005,0.0001,3000.0,20.0,5,2,3020.591647331786,20.301624129930133,0.13567855869870504,1.7797027301481343,0.21520019850998462,0.5331891049368117
steady,0.0005,0.0001,3000.0,20.0,5,3,3039.443155452436,39.1531322505798,0.02570235095019481,0.8629251658990567,0.04076658154173041,0.2585276119652134
steady,0.0005,0.0001,3000.0,20.0,5,4,3059.7447795823664,59.45475638051039,0.014900145700340945,0.6194616282507779,0.02363316903787001,0.185587281243447
steady,0.0005,0.0001,3000.0,20.0,5,5,3080.046403712297,79.75638051044098,0.005962194741897954,0.4468587399026444,0.0094566562640223,0.13387640954062638
steady,0.0005,0.0005,3000.0,20.0,5,1,3000.290023201856,0.0,0.5062035974223424,2.964145107099652,1.0,1.0
steady,0.0005,0.0005,3000.0,20.0,5,2,3020.591647331786,20.301624129930133,0.056289613757445976,1.685553835579625,0.11119955299425043,0.5686475441240799
steady,0.0005,0.0005,3000.0,20.0,5,3,3039.443155452436,39.1531322505798,0.014118044916238892,0.874401837712555,0.027890052516674903,0.2949929258247877
steady,0.0005,0.0005,3000.0,20.0,5,4,3059.7447795823664,59.45475638051039,0.010539770092478874,0.6543307010233171,0.02082120740774822,0.2207485387459876
steady,0.0005,0.0005,3000.0,20.0,5,5,3080.046403712297,79.75638051044098,0.006213598181712365,0.49690958927849976,0.012274899296158407,0.16764010239860166
steady,0.0005,0.001,3000.0,20.0,5,1,3000.290023201856,0.0,0.2552960980407234,2.837248253598109,1.0,1.0
steady,0.0005,0.001,3000.0,20.0,5,2,3020.591647331786,20.301624129930133,0.057837335931242385,1.6666435318275088,0.22655001927219623,0.5874154754396003
steady,0.0005,0.001,3000.0,20.0,5,3,3039.443155452436,39.1531322505798,0.014502625955089865,0.8706797677138906,0.0568070803525422,0.3068747215227719
steady,0.0005,0.001,3000.0,20.0,5,4,3059.7447795823664,59.45475638051039,0.010829948136612996,0.6702600135429848,0.04242112676115192,0.23623594188241448
steady,0.0005,0.001,3000.0,20.0,5,5,3080.046403712297,79.75638051044098,0.006411150775254969,0.5163818918163106,0.02511260776979168,0.18200095503149974
steady,0.0005,0.005,3000.0,20.0,5,1,3000.290023201856,0.0,0.0006514095404001304,1.3891164876229352,1.0,1.0
steady,0.0005,0.005,3000.0,20.0,5,2,3020.591647331786,20.301624129930133,0.052506125998696855,0.6226144778274665,80.6038639938322,0.4482089755430722
steady,0.0005,0.005,3000.0,20.0,5,3,3039.443155452436,39.1531322505798,0.013823928183890511,0.24488283169712477,21.221562360599016,0.1762867505202316
steady,0.0005,0.005,3000.0,20.0,5,4,3059.7447795823664,59.45475638051039,0.010575432921037697,0.2123940183546135,16.234691488463163,0.15289863754915434
steady,0.0005,0.005,3000.0,20.0,5,5,3080.046403712297,79.75638051044098,0.006412281292466096,0.16616865791900948,9.843701841590057,0.11962183114200763
brunone,1e-07,0.0,3000.0,20.0,5,1,3000.290023201856,0.0,0.001889827885132093,0.02413844130124997,1.0,1.0
brunone,1e-07,0.0,3000.0,20.0,5,2,3020.591647331786,20.301624129930133,0.0021042726552254437,0.027754733470283923,1.1134731748750557,1.149814651406124
brunone,1e-07,0.0,3000.0,20.0,5,3,3039.443155452436,39.1531322505798,0.003347546244847306,0.05369893956595348,1.77134979919789,2.224623325747747
brunone,1e-07,0.0,3000.0,20.0,5,4,3059.7447795823664,59.45475638051039,0.0025933513028769508,0.03241381798610761,1.3722685135930692,1.3428297867944403
brunone,1e-07,0.0,3000.0,20.0,5,5,3080.046403712297,79.75638051044098,0.002183459677932316,0.0361495075038379,1.155374886311247,1.497590795225289
brunone,1e-07,1e-06,3000.0,20.0,5,1,3000.290023201856,0.0,0.00204371153869559,0.0250885259592288,1.0,1.0
brunone,1e-07,1e-06,3000.0,20.0,5,2,3020.591647331786,20.301624129930133,0.0020270193372445527,0.028189931157965753,0.9918324082753425,1.123618470203352
brunone,1e-07,1e-06,3000.0,20.0,5,3,3039.443155452436,39.1531322505798,0.0033564013591601233,0.050418809171674406,1.6423068009403934,2.009636168087742
brunone,1e-07,1e-06,3000.0,20.0,5,4,3059.7447795823664,59.45475638051039,0.0026097707173303696,0.035267216317438045,1.276976064340308,1.4057109761948776
brunone,1e-07,1e-06,3000.0,20.0,5,5,3080.046403712297,79.75638051044098,0.0020186870212561122,0.04385067545082448,0.9877553573654285,1.7478378571178683
brunone,1e-07,5e-06,3000.0,20.0,5,1,3000.290023201856,0.0,0.0032272830363483294,0.030492904936596534,1.0,1.0
brunone,1e-07,5e-06,3000.0,20.0,5,2,3020.591647331786,20.301624129930133,0.0023771892290909242,0.03182153373932543,0.7365914926943358,1.0435717359658419
brunone,1e-07,5e-06,3000.0,20.0,5,3,3039.443155452436,39.1531322505798,0.0037030106826310603,0.03972660439498297,1.1474080955790653,1.30281468681275
brunone,1e-07,5e-06,3000.0,20.0,5,4,3059.7447795823664,59.45475638051039,0.002073444950408085,0.054376334631898636,0.6424738478327541,1.7832454711993684
brunone,1e-07,5e-06,3000.0,20.0,5,5,3080.046403712297,79.75638051044098,0.0014553596725143704,0.05489640443941556,0.4509550777303716,1.8003009078197332
brunone,1e-07,1e-05,3000.0,20.0,5,1,3000.290023201856,0.0,0.00443193034439351,0.06669164675889515,1.0,1.0
brunone,1e-07,1e-05,3000.0,20.0,5,2,3020.591647331786,20.301624129930133,0.0032081665031164037,0.04148829925470379,0.7238756599987645,0.6220913903159874
brunone,1e-07,1e-05,3000.0,20.0,5,3,3039.443155452436,39.1531322505798,0.004209881880032253,0.05447407455366797,0.9498980247642761,0.8168050603189276
brunone,1e-07,1e-05,3000.0,20.0,5,4,3059.7447795823664,59.45475638051039,0.0016322075419957823,0.05694758359761251,0.3682836631357623,0.8538937987764862
brunone,1e-07,1e-05,3000.0,20.0,5,5,3080.046403712297,79.75638051044098,0.0020808166510487345,0.05272100678723901,0.46950572083810244,0.7905188932856456
brunone,1e-07,5e-05,3000.0,20.0,5,1,3000.290023201856,0.0,0.01134747126789363,0.06082955016994313,1.0,1.0
brunone,1e-07,5e-05,3000.0,20.0,5,2,3020.591647331786,20.301624129930133,0.009830155786697957,0.05794469848842328,0.8662860257255073,0.952574831254542
brunone,1e-07,5e-05,3000.0,20.0,5,3,3039.443155452436,39.1531322505798,0.008060374902775181,0.05306542262886244,0.7103234467384014,0.8723625685314196
brunone,1e-07,5e-05,3000.0,20.0,5,4,3059.7447795823664,59.45475638051039,0.006520339465469272,0.037218715804576294,0.5746072681336347,0.6118525568674461
brunone,1e-07,5e-05,3000.0,20.0,5,5,3080.046403712297,79.75638051044098,0.005363841159094919,0.034009482034980304,0.47269043758421253,0.5590947481933697
brunone,1e-07,0.0001,3000.0,20.0,5,1,3000.290023201856,0.0,0.016277913364406038,0.07744667756281969,1.0,1.0
brunone,1e-07,0.0001,3000.0,20.0,5,2,3020.591647331786,20.301624129930133,0.014070789965977375,0.06199543968529994,0.8644099308665169,0.8004919208446778
brunone,1e-07,0.0001,3000.0,20.0,5,3,3039.443155452436,39.1531322505798,0.011424318913107238,0.05738394027017354,0.7018294456639712,0.7409477343121328
brunone,1e-07,0.0001,3000.0,20.0,5,4,3059.7447795823664,59.45475638051039,0.009433735672505546,0.05767156082248713,0.5795420740556185,0.7446615224482384
brunone,1e-07,0.0001,3000.0,20.0,5,5,3080.046403712297,79.75638051044098,0.007379561406771751,0.04860094972675174,0.45334811910893974,0.6275407965348782
brunone,1e-07,0.0005,3000.0,20.0,5,1,3000.290023201856,0.0,0.05347153054937665,0.11480498530311367,1.0,1.0
brunone,1e-07,0.0005,3000.0,20.0,5,2,3020.591647331786,20.301624129930133,0.027028039171782463,0.08176932011741271,0.5054659721554865,0.7122453776856589
brunone,1e-07,0.0005,3000.0,20.0,5,3,3039.443155452436,39.1531322505798,0.012672959653316562,0.060459378357727925,0.23700386959400954,0.526626767976148
brunone,1e-07,0.0005,3000.0,20.0,5,4,3059.7447795823664,59.45475638051039,0.01101026520814445,0.05937883739053225,0.20590892190709514,0.5172147989371487
brunone,1e-07,0.0005,3000.0,20.0,5,5,3080.046403712297,79.75638051044098,0.007066749846028915,0.04734104345415541,0.1321591092198743,0.412360520139115
brunone,1e-07,0.001,3000.0,20.0,5,1,3000.290023201856,0.0,0.029508081354157525,0.11510086772235929,1.0,1.0
brunone,1e-07,0.001,3000.0,20.0,5,2,3020.591647331786,20.301624129930133,0.01450186487832779,0.10532418498706682,0.49145400896370234,0.9150598694105825
brunone,1e-07,0.001,3000.0,20.0,5,3,3039.443155452436,39.1531322505798,0.011385772902524441,0.08618889582442563,0.3858527013624439,0.7488118684936962
brunone,1e-07,0.001,3000.0,20.0,5,4,3059.7447795823664,59.45475638051039,0.003206872183926961,0.07871493731260742,0.10867776001556707,0.6838778792048706
brunone,1e-07,0.001,3000.0,20.0,5,5,3080.046403712297,79.75638051044098,0.0015735694851345937,0.04375844326390385,0.05332672993030387,0.38017474698327935
brunone,1e-07,0.005,3000.0,20.0,5,1,3000.290023201856,0.0,0.04307376747372054,0.3826672528887434,1.0,1.0
brunone,1e-07,0.005,3000.0,20.0,5,2,3020.591647331786,20.301624129930133,0.0023543848453631343,0.1678416402825786,0.05465936655760499,0.43860988630604575
brunone,1e-07,0.005,3000.0,20.0,5,3,3039.443155452436,39.1531322505798,0.010720005273975049,0.033518401978199074,0.24887549668171846,0.08759150861530397
brunone,1e-07,0.005,3000.0,20.0,5,4,3059.7447795823664,59.45475638051039,0.005720626322844308,0.023357390288797887,0.13280998292834456,0.06103838285736148
brunone,1e-07,0.005,3000.0,20.0,5,5,3080.046403712297,79.75638051044098,0.007998480179201703,0.04237898956502715,0.18569260708577684,0.11074631875371997
brunone,5e-07,0.0,3000.0,20.0,5,1,3000.290023201856,0.0,0.01646981790499081,0.06381789661069794,1.0,1.0
brunone,5e-07,0.0,3000.0,20.0,5,2,3020.591647331786,20.301624129930133,0.0077164445790480285,0.08244277418896873,0.468520333592136,1.291844115325303
brunone,5e-07,0.0,3000.0,20.0,5,3,3039.443155452436,39.1531322505798,0.014996703399223757,0.06555489938179138,0.9105567217400347,1.0272181137791099
brunone,5e-07,0.0,3000.0,20.0,5,4,3059.7447795823664,59.45475638051039,0.008037191439358705,0.03400554702177362,0.48799516094972817,0.5328528332610887
brunone,5e-07,0.0,3000.0,20.0,5,5,3080.046403712297,79.75638051044098,0.004748133582776972,0.034583555148177056,0.2882930224345806,0.5419099811318403
brunone,5e-07,1e-06,3000.0,20.0,5,1,3000.290023201856,0.0,0.016927760308639666,0.06180452581760052,1.0,1.0
brunone,5e-07,1e-06,3000.0,20.0,5,2,3020.591647331786,20.301624129930133,0.007777472869641285,0.08036195228689043,0.4594507913531705,1.300259992675248
brunone,5e-07,1e-06,3000.0,20.0,5,3,3039.443155452436,39.1531322505798,0.015189044105292922,0.06475919935126352,0.8972861045025945,1.0478067503079456
brunone,5e-07,1e-06,3000.0,20.0,5,4,3059.7447795823664,59.45475638051039,0.008210912624966992,0.034023994835882566,0.48505605438991656,0.5505097626069531
brunone,5e-07,1e-06,3000.0,20.0,5,5,3080.046403712297,79.75638051044098,0.004697671656798563,0.03504817669444448,0.27751288836485616,0.5670810710186464
brunone,5e-07,5e-06,3000.0,20.0,5,1,3000.290023201856,0.0,0.01899573118054259,0.061769135117021444,1.0,1.0
brunone,5e-07,5e-06,3000.0,20.0,5,2,3020.591647331786,20.301624129930133,0.008146130224404479,0.0736047367833943,0.4288400455334194,1.1916102863339488
brunone,5e-07,5e-06,3000.0,20.0,5,3,3039.443155452436,39.1531322505798,0.015800984813358857,0.07839026663069852,0.8318176680423797,1.269084737582749
brunone,5e-07,5e-06,3000.0,20.0,5,4,3059.7447795823664,59.45475638051039,0.008947180209861419,0.032457594864984014,0.47101004561625165,0.5254662349325954
brunone,5e-07,5e-06,3000.0,20.0,5,5,3080.046403712297,79.75638051044098,0.004629996948726924,0.03904971558776309,0.2437388118794527,0.6321881553592019
brunone,5e-07,1e-05,3000.0,20.0,5,1,3000.290023201856,0.0,0.021051426303104307,0.06334550475266477,1.0,1.0
brunone,5e-07,1e-05,3000.0,20.0,5,2,3020.591647331786,20.301624129930133,0.008886472122024733,0.07498000948154823,0.42213159308423237,1.1836674089868078
brunone,5e-07,1e-05,3000.0,20.0,5,3,3039.443155452436,39.1531322505798,0.01688238153241125,0.07914644662993676,0.8019590354275293,1.2494406183827478
brunone,5e-07,1e-05,3000.0,20.0,5,4,3059.7447795823664,59.45475638051039,0.009568380680576524,0.03088193108125074,0.45452410410621635,0.48751574719990876
brunone,5e-07,1e-05,3000.0,20.0,5,5,3080.046403712297,79.75638051044098,0.004713518110090692,0.04048771253450545,0.22390492892140149,0.6391568382411893
brunone,5e-07,5e-05,3000.0,20.0,5,1,3000.290023201856,0.0,0.030064363853684904,0.0788728236704473,1.0,1.0
brunone,5e-07,5e-05,3000.0,20.0,5,2,3020.591647331786,20.301624129930133,0.01939561277550687,0.023535731762308824,0.6451363105469337,0.2984010292397758
brunone,5e-07,5e-05,3000.0,20.0,5,3,3039.443155452436,39.1531322505798,0.017305767436003493,0.051255175369318236,0.575623935374983,0.6498458275498882
brunone,5e-07,5e-05,3000.0,20.0,5,4,3059.7447795823664,59.45475638051039,0.007043947996677152,0.052203034118110954,0.23429559431086366,0.6618633857490612
brunone,5e-07,5e-05,3000.0,20.0,5,5,3080.046403712297,79.75638051044098,0.003746358691956245,0.049123668256104064,0.12461127433757639,0.6228212199091093
brunone,5e-07,0.0001,3000.0,20.0,5,1,3000.290023201856,0.0,0.035629735873694265,0.09356695854023256,1.0,1.0
brunone,5e-07,0.0001,3000.0,20.0,5,2,3020.591647331786,20.301624129930133,0.022473791732004707,0.05432127773768166,0.6307594255448101,0.5805604733248246
brunone,5e-07,0.0001,3000.0,20.0,5,3,3039.443155452436,39.1531322505798,0.011532719767965263,0.06313096376796729,0.32368243786168416,0.674714287531552
brunone,5e-07,0.0001,3000.0,20.0,5,4,3059.7447795823664,59.45475638051039,0.006127772555352935,0.062068065603523986,0.17198478756832775,0.6633545278361863
brunone,5e-07,0.0001,3000.0,20.0,5,5,3080.046403712297,79.75638051044098,0.0038031497036065376,0.06175120545088064,0.10674088960660624,0.659968074353175
brunone,5e-07,0.0005,3000.0,20.0,5,1,3000.290023201856,0.0,0.1253724129723581,0.1691570161059485,1.0,1.0
brunone,5e-07,0.0005,3000.0,20.0,5,2,3020.591647331786,20.301624129930133,0.027057037739317464,0.08466193821720822,0.21581332844956055,0.5004932113734006
brunone,5e-07,0.0005,3000.0,20.0,5,3,3039.443155452436,39.1531322505798,0.013173418463319486,0.061316130980453964,0.10507429944914548,0.36248056623350283
brunone,5e-07,0.0005,3000.0,20.0,5,4,3059.7447795823664,59.45475638051039,0.004660530572693842,0.0495865319887022,0.03717349345203549,0.29313907947894136
brunone,5e-07,0.0005,3000.0,20.0,5,5,3080.046403712297,79.75638051044098,0.003225834062193209,0.04369136117344828,0.02573001496672506,0.2582887909661576
brunone,5e-07,0.001,3000.0,20.0,5,1,3000.290023201856,0.0,0.06052930966087365,0.1390677148449067,1.0,1.0
brunone,5e-07,0.001,3000.0,20.0,5,2,3020.591647331786,20.301624129930133,0.012190706497406167,0.09782578854116329,0.2014017104392367,0.7034399655611089
brunone,5e-07,0.001,3000.0,20.0,5,3,3039.443155452436,39.1531322505798,0.0082110921505805,0.09660314475916906,0.1356548124633276,0.6946482500766217
brunone,5e-07,0.001,3000.0,20.0,5,4,3059.7447795823664,59.45475638051039,0.004652574467811231,0.09331392279929979,0.07686481960356259,0.6709963049537904
brunone,5e-07,0.001,3000.0,20.0,5,5,3080.046403712297,79.75638051044098,5.588221442300545e-05,0.040948834984421645,0.0009232257023266185,0.2944524905014025
brunone,5e-07,0.005,3000.0,20.0,5,1,3000.290023201856,0.0,0.024609265086228228,0.3464697910962947,1.0,1.0
brunone,5e-07,0.005,3000.0,20.0,5,2,3020.591647331786,20.301624129930133,0.017049637538702846,0.20776404729304424,0.6928137625793677,0.5996599202361632
brunone,5e-07,0.005,3000.0,20.0,5,3,3039.443155452436,39.1531322505798,0.007239995279290802,0.07576397273444094,0.29419794755847584,0.218674108627796
brunone,5e-07,0.005,3000.0,20.0,5,4,3059.7447795823664,59.45475638051039,0.008642850408534027,0.03951340309452485,0.3512031090018497,0.11404573821428156
brunone,5e-07,0.005,3000.0,20.0,5,5,3080.046403712297,79.75638051044098,0.004957742001723882,0.02998671101331583,0.20145835254943556,0.08654928015060796
brunone,1e-06,1e-06,3000.0,20.0,5,1,3000.290023201856,0.0,0.03701455928323318,0.15050074197667207,1.0,1.0
brunone,1e-06,1e-06,3000.0,20.0,5,2,3020.591647331786,20.301624129930133,0.003399998616791536,0.08966527074130083,0.09185570982420595,0.595779592602933
brunone,1e-06,1e-06,3000.0,20.0,5,3,3039.443155452436,39.1531322505798,0.017099529945095674,0.05797957644367856,0.4619676764013614,0.38524445582245376
brunone,1e-06,1e-06,3000.0,20.0,5,4,3059.7447795823664,59.45475638051039,0.008030603125842889,0.027764543745923652,0.2169579560408432,0.18448110873916632
brunone,1e-06,1e-06,3000.0,20.0,5,5,3080.046403712297,79.75638051044098,0.003985932871982827,0.011994995663591747,0.10768554182916805,0.07970057493438136
brunone,1e-06,5e-06,3000.0,20.0,5,1,3000.290023201856,0.0,0.03919832045511987,0.15472719545010946,1.0,1.0
brunone,1e-06,5e-06,3000.0,20.0,5,2,3020.591647331786,20.301624129930133,0.0042335367237201615,0.08489410210968566,0.10800301325581924,0.5486695591083668
brunone,1e-06,5e-06,3000.0,20.0,5,3,3039.443155452436,39.1531322505798,0.017185211800160406,0.056510564684866496,0.4384170444199674,0.36522709870410514
brunone,1e-06,5e-06,3000.0,20.0,5,4,3059.7447795823664,59.45475638051039,0.007777314276925436,0.029714087285221805,0.19840937536673478,0.19204178812122832
brunone,1e-06,5e-06,3000.0,20.0,5,5,3080.046403712297,79.75638051044098,0.003996680925783549,0.010116242938621175,0.1019605146184656,0.06538115622914574
brunone,1e-06,0.005,3000.0,20.0,5,1,3000.290023201856,0.0,0.03192402525776988,0.39583419373848,1.0,1.0
brunone,1e-06,0.005,3000.0,20.0,5,2,3020.591647331786,20.301624129930133,0.006484244901485404,0.2698851720095405,0.20311489071721073,0.6818136893647152
brunone,1e-06,0.005,3000.0,20.0,5,3,3039.443155452436,39.1531322505798,0.006928362982140066,0.06406877717080647,0.21702661009058674,0.1618576115562555
brunone,1e-06,0.005,3000.0,20.0,5,4,3059.7447795823664,59.45475638051039,0.003877518728976856,0.0281246994419656,0.12146083389133769,0.07105171783251005
brunone,1e-06,0.005,3000.0,20.0,5,5,3080.046403712297,79.75638051044098,0.001919276401234892,0.020330531107087012,0.060120125383241456,0.051361230102619684
brunone,5e-06,1e-06,3000.0,20.0,5,1,3000.290023201856,0.0,0.0934308446603036,0.20034734172332896,1.0,1.0
brunone,5e-06,1e-06,3000.0,20.0,5,2,3020.591647331786,20.301624129930133,0.015197753837415945,0.087942147306796,0.16266313220941142,0.43894841104625343
brunone,5e-06,1e-06,3000.0,20.0,5,3,3039.443155452436,39.1531322505798,0.006913210801366574,0.04686883077047434,0.07399281068796569,0.2339378719344236
brunone,5e-06,1e-06,3000.0,20.0,5,4,3059.7447795823664,59.45475638051039,0.003554679787685196,0.03800717077311694,0.038046105658247245,0.18970638914492413
brunone,5e-06,1e-06,3000.0,20.0,5,5,3080.046403712297,79.75638051044098,0.0023484253483481553,0.02557945468237818,0.025135439553035977,0.1276755382045563
brunone,5e-06,5e-06,3000.0,20.0,5,1,3000.290023201856,0.0,0.09311381932810989,0.2026438415750568,1.0,1.0
brunone,5e-06,5e-06,3000.0,20.0,5,2,3020.591647331786,20.301624129930133,0.015105317325974619,0.08883813963151178,0.16222422659677666,0.43839545747363473
brunone,5e-06,5e-06,3000.0,20.0,5,3,3039.443155452436,39.1531322505798,0.006868142834156279,0.04704708553276857,0.07376072513956984,0.2321663721290188
brunone,5e-06,5e-06,3000.0,20.0,5,4,3059.7447795823664,59.45475638051039,0.00352780300214505,0.038650483004933414,0.03788699709238595,0.19073110095288906
brunone,5e-06,5e-06,3000.0,20.0,5,5,3080.046403712297,79.75638051044098,0.0023107552241858867,0.026234252888755614,0.024816458403917052,0.12945990702134794
brunone,5e-06,0.005,3000.0,20.0,5,1,3000.290023201856,0.0,0.025294576176644774,0.2867327867010202,1.0,1.0
brunone,5e-06,0.005,3000.0,20.0,5,2,3020.591647331786,20.301624129930133,0.028095392791936694,0.2536477695205665,1.1107279519424405,0.8846137633539904
brunone,5e-06,0.005,3000.0,20.0,5,3,3039.443155452436,39.1531322505798,0.004550264355016853,0.05516217314105162,0.17989091112814318,0.19238181226400833
brunone,5e-06,0.005,3000.0,20.0,5,4,3059.7447795823664,59.45475638051039,0.0029262953026248724,0.026686513883596462,0.11568864732854496,0.09307102334070648
brunone,5e-06,0.005,3000.0,20.0,5,5,3080.046403712297,79.75638051044098,0.002399782001459613,0.020603738758029955,0.09487338252678067,0.07185693340159849
brunone,1e-05,1e-06,3000.0,20.0,5,1,3000.290023201856,0.0,0.09007873776307049,0.1857091820778396,1.0,1.0
brunone,1e-05,1e-06,3000.0,20.0,5,2,3020.591647331786,20.301624129930133,0.014774878001953465,0.07635512713638318,0.16402181434663388,0.4111542912529715
brunone,1e-05,1e-06,3000.0,20.0,5,3,3039.443155452436,39.1531322505798,0.006317628597149899,0.04657042295496537,0.07013451513682213,0.25077070737108453
brunone,1e-05,1e-06,3000.0,20.0,5,4,3059.7447795823664,59.45475638051039,0.00369520547087969,0.03684278964317043,0.04102194993672092,0.1983897038958895
brunone,1e-05,1e-06,3000.0,20.0,5,5,3080.046403712297,79.75638051044098,0.002460711048191993,0.03124473210530872,0.027317334914974893,0.16824548875678402
brunone,1e-05,5e-06,3000.0,20.0,5,1,3000.290023201856,0.0,0.08985020016101652,0.18934147027093948,1.0,1.0
brunone,1e-05,5e-06,3000.0,20.0,5,2,3020.591647331786,20.301624129930133,0.01483175706149753,0.07686756690159446,0.1650720536506118,0.4059732228317457
brunone,1e-05,5e-06,3000.0,20.0,5,3,3039.443155452436,39.1531322505798,0.006344200755861356,0.04738652158228956,0.07060864354772942,0.25027016804338476
brunone,1e-05,5e-06,3000.0,20.0,5,4,3059.7447795823664,59.45475638051039,0.0037095202929607963,0.03701420637457411,0.04128560967380296,0.19548916738424169
brunone,1e-05,5e-06,3000.0,20.0,5,5,3080.046403712297,79.75638051044098,0.0024661230260475454,0.030918682419675853,0.02744705099852996,0.16329588217220745
brunone,1e-05,0.005,3000.0,20.0,5,1,3000.290023201856,0.0,0.02371598924427661,0.2131024515846037,1.0,1.0
brunone,1e-05,0.005,3000.0,20.0,5,2,3020.591647331786,20.301624129930133,0.026534798957311534,0.1907484636366912,1.1188569316675328,0.8951021549414802
brunone,1e-05,0.005,3000.0,20.0,5,3,3039.443155452436,39.1531322505798,0.005725066395741436,0.08243155867676379,0.24140112127614788,0.38681656669743975
brunone,1e-05,0.005,3000.0,20.0,5,4,3059.7447795823664,59.45475638051039,0.002520289933918112,0.03207128804700431,0.10626965242558181,0.15049703937484596
brunone,1e-05,0.005,3000.0,20.0,5,5,3080.046403712297,79.75638051044098,0.002861053980299402,0.018719896231704152,0.12063818847404233,0.08784458410734039
brunone,5e-05,1e-06,3000.0,20.0,5,1,3000.290023201856,0.0,0.10123506924257196,0.2005359431011433,1.0,1.0
brunone,5e-05,1e-06,3000.0,20.0,5,2,3020.591647331786,20.301624129930133,0.017615300400969383,0.10972080717529807,0.17400393492852667,0.5471378620637535
brunone,5e-05,1e-06,3000.0,20.0,5,3,3039.443155452436,39.1531322505798,0.005389296997994311,0.06746673407255305,0.05323547500205564,0.33643212797281524
brunone,5e-05,1e-06,3000.0,20.0,5,4,3059.7447795823664,59.45475638051039,0.004077105155670966,0.04334236174867516,0.04027364416476774,0.21613263477068942
brunone,5e-05,1e-06,3000.0,20.0,5,5,3080.046403712297,79.75638051044098,0.0025136392752071824,0.03792681907689757,0.02482972841342348,0.18912728805812437
brunone,5e-05,5e-06,3000.0,20.0,5,1,3000.290023201856,0.0,0.1003786556878968,0.19772926239143987,1.0,1.0
brunone,5e-05,5e-06,3000.0,20.0,5,2,3020.591647331786,20.301624129930133,0.01811708398888593,0.10906625677528901,0.180487414029698,0.551593909046063
brunone,5e-05,5e-06,3000.0,20.0,5,3,3039.443155452436,39.1531322505798,0.005306638296016213,0.06634907544267493,0.05286620207901492,0.3355551658880174
brunone,5e-05,5e-06,3000.0,20.0,5,4,3059.7447795823664,59.45475638051039,0.004057452909097295,0.044066279888329535,0.04042147089230768,0.22286170167920102
brunone,5e-05,5e-06,3000.0,20.0,5,5,3080.046403712297,79.75638051044098,0.0025268894184123153,0.03616014526260259,0.025173573018043474,0.18287705534963875
brunone,5e-05,0.005,3000.0,20.0,5,1,3000.290023201856,0.0,0.020212414298896062,0.14701323564414628,1.0,1.0
brunone,5e-05,0.005,3000.0,20.0,5,2,3020.591647331786,20.301624129930133,0.016697980049806167,0.1063592971119588,0.8261249647311136,0.7234674935623306
brunone,5e-05,0.005,3000.0,20.0,5,3,3039.443155452436,39.1531322505798,0.008236104539266553,0.07268990184123862,0.40747752433099405,0.49444460917239164
brunone,5e-05,0.005,3000.0,20.0,5,4,3059.7447795823664,59.45475638051039,0.0028502206061321225,0.05677926544385875,0.1410133675266983,0.38621873190585454
brunone,5e-05,0.005,3000.0,20.0,5,5,3080.046403712297,79.75638051044098,0.001748381073668097,0.043918278857402814,0.08650035803805922,0.2987369039595146
brunone,0.0001,1e-06,3000.0,20.0,5,1,3000.290023201856,0.0,0.11301386945564233,0.2044500644182053,1.0,1.0
brunone,0.0001,1e-06,3000.0,20.0,5,2,3020.591647331786,20.301624129930133,0.021798247160795578,0.13941056818419806,0.19288116817689652,0.6818807740702488
brunone,0.0001,1e-06,3000.0,20.0,5,3,3039.443155452436,39.1531322505798,0.0055400948979440175,0.07011321487281633,0.049021371665523686,0.34293564578878694
brunone,0.0001,1e-06,3000.0,20.0,5,4,3059.7447795823664,59.45475638051039,0.0028019639401232646,0.047388747491370016,0.024793097994251303,0.2317864150653223
brunone,0.0001,1e-06,3000.0,20.0,5,5,3080.046403712297,79.75638051044098,0.0022724758021128227,0.03902172718250957,0.020107937309453542,0.19086189722440056
brunone,0.0001,5e-06,3000.0,20.0,5,1,3000.290023201856,0.0,0.11207556028321133,0.20468538754995305,1.0,1.0
brunone,0.0001,5e-06,3000.0,20.0,5,2,3020.591647331786,20.301624129930133,0.022250691278858505,0.1390953107445092,0.1985329470816985,0.6795566230176704
brunone,0.0001,5e-06,3000.0,20.0,5,3,3039.443155452436,39.1531322505798,0.0056010169439882265,0.07038383430507998,0.049975364208170246,0.3438635026543013
brunone,0.0001,5e-06,3000.0,20.0,5,4,3059.7447795823664,59.45475638051039,0.002693933832577477,0.04759739424380512,0.024036764355850577,0.2325392877993749
brunone,0.0001,5e-06,3000.0,20.0,5,5,3080.046403712297,79.75638051044098,0.0021989186969386177,0.03927960634117045,0.019619966131617105,0.19190234736021075
brunone,0.0001,0.005,3000.0,20.0,5,1,3000.290023201856,0.0,0.02122301925204185,0.13710799944764604,1.0,1.0
brunone,0.0001,0.005,3000.0,20.0,5,2,3020.591647331786,20.301624129930133,0.01338978999989089,0.08525252855058225,0.6309088184332052,0.6217910617471701
brunone,0.0001,0.005,3000.0,20.0,5,3,3039.443155452436,39.1531322505798,0.005865913338663248,0.06082103169226433,0.2763939130903297,0.44359943940024094
brunone,0.0001,0.005,3000.0,20.0,5,4,3059.7447795823664,59.45475638051039,0.002858289387359092,0.048496643112012384,0.13467873507602357,0.35371125906136913
brunone,0.0001,0.005,3000.0,20.0,5,5,3080.046403712297,79.75638051044098,0.002271317037689655,0.04123731276824171,0.10702139081700797,0.300765184630879
brunone,0.0005,0.0,3000.0,20.0,5,1,3000.290023201856,0.0,0.12090698411135682,0.284897926042057,1.0,1.0
brunone,0.0005,0.0,3000.0,20.0,5,2,3020.591647331786,20.301624129930133,0.023674668409173424,0.19778075340677945,0.19580894009703165,0.6942161922848915
brunone,0.0005,0.0,3000.0,20.0,5,3,3039.443155452436,39.1531322505798,0.008210743877930684,0.08797481377499992,0.06790959131333958,0.3087941530399662
brunone,0.0005,0.0,3000.0,20.0,5,4,3059.7447795823664,59.45475638051039,0.004242511505579938,0.059386140015926465,0.03508905243780237,0.20844707731273485
brunone,0.0005,0.0,3000.0,20.0,5,5,3080.046403712297,79.75638051044098,0.0026305772906266324,0.045958489907689845,0.021757033391915873,0.16131563520369535
brunone,0.0005,1e-06,3000.0,20.0,5,1,3000.290023201856,0.0,0.12086314010055253,0.2849624118707897,1.0,1.0
brunone,0.0005,1e-06,3000.0,20.0,5,2,3020.591647331786,20.301624129930133,0.023714094985572427,0.1978144166131631,0.19620617969914897,0.694177226092745
brunone,0.0005,1e-06,3000.0,20.0,5,3,3039.443155452436,39.1531322505798,0.008209602854790696,0.08805040112894923,0.06792478540571333,0.3089895279552654
brunone,0.0005,1e-06,3000.0,20.0,5,4,3059.7447795823664,59.45475638051039,0.004241435618243914,0.059438937002454416,0.03509287955546444,0.2085851836115346
brunone,0.0005,1e-06,3000.0,20.0,5,5,3080.046403712297,79.75638051044098,0.0026287082977518076,0.04597040374911232,0.021749462206300814,0.16132093860139227
brunone,0.0005,5e-06,3000.0,20.0,5,1,3000.290023201856,0.0,0.12061324395159484,0.2849623192316932,1.0,1.0
brunone,0.0005,5e-06,3000.0,20.0,5,2,3020.591647331786,20.301624129930133,0.023872227669515994,0.19778990009366046,0.19792376763447742,0.694091417514202
brunone,0.0005,5e-06,3000.0,20.0,5,3,3039.443155452436,39.1531322505798,0.008221447562754319,0.08813582986957455,0.06816372144052268,0.3092894180086817
brunone,0.0005,5e-06,3000.0,20.0,5,4,3059.7447795823664,59.45475638051039,0.004254452581240949,0.059554683581097806,0.03527351094999459,0.2089914334697561
brunone,0.0005,5e-06,3000.0,20.0,5,5,3080.046403712297,79.75638051044098,0.002636833665796291,0.04594221113161289,0.021861891608308946,0.161222056500245
brunone,0.0005,1e-05,3000.0,20.0,5,1,3000.290023201856,0.0,0.12014412045727642,0.2846021751074805,1.0,1.0
brunone,0.0005,1e-05,3000.0,20.0,5,2,3020.591647331786,20.301624129930133,0.02405152518746619,0.19783194986945152,0.20018894887177585,0.6951174909142559
brunone,0.0005,1e-05,3000.0,20.0,5,3,3039.443155452436,39.1531322505798,0.008240407371548337,0.08814245021310865,0.06858768735569253,0.30970406385622845
brunone,0.0005,1e-05,3000.0,20.0,5,4,3059.7447795823664,59.45475638051039,0.004278408869779058,0.05949788457472984,0.035610638735338464,0.20905632415585146
brunone,0.0005,1e-05,3000.0,20.0,5,5,3080.046403712297,79.75638051044098,0.002654375940265199,0.04587451524528095,0.022093265406267656,0.16118821027265995
brunone,0.0005,5e-05,3000.0,20.0,5,1,3000.290023201856,0.0,0.11742476421983898,0.28074317960336015,1.0,1.0
brunone,0.0005,5e-05,3000.0,20.0,5,2,3020.591647331786,20.301624129930133,0.025671932836250976,0.19510140905862697,0.21862452104386418,0.6949462114601336
brunone,0.0005,5e-05,3000.0,20.0,5,3,3039.443155452436,39.1531322505798,0.008262750341533018,0.08707160760260571,0.07036633538444885,0.31014683144082894
brunone,0.0005,5e-05,3000.0,20.0,5,4,3059.7447795823664,59.45475638051039,0.004291356028641003,0.059529117323647004,0.036545579266455755,0.21204118799164057
brunone,0.0005,5e-05,3000.0,20.0,5,5,3080.046403712297,79.75638051044098,0.0026478861800977205,0.04536704886317427,0.022549640169090997,0.1615962636288076
brunone,0.0005,0.0001,3000.0,20.0,5,1,3000.290023201856,0.0,0.11422784923632597,0.276801355044689,1.0,1.0
brunone,0.0005,0.0001,3000.0,20.0,5,2,3020.591647331786,20.301624129930133,0.0278210948412091,0.19633395400071416,0.2435578978962481,0.7092954944856266
brunone,0.0005,0.0001,3000.0,20.0,5,3,3039.443155452436,39.1531322505798,0.008081542208568151,0.08913148644987683,0.07074931606081675,0.32200523886700894
brunone,0.0005,0.0001,3000.0,20.0,5,4,3059.7447795823664,59.45475638051039,0.004109898007764039,0.06202892210308177,0.03597982484342389,0.22409182965548463
brunone,0.0005,0.0001,3000.0,20.0,5,5,3080.046403712297,79.75638051044098,0.002468903002988734,0.04557702380260969,0.021613844780363687,0.16465607184347553
brunone,0.0005,0.0005,3000.0,20.0,5,1,3000.290023201856,0.0,0.06727059538769574,0.16542045152931012,1.0,1.0
brunone,0.0005,0.0005,3000.0,20.0,5,2,3020.591647331786,20.301624129930133,0.035151192484679086,0.19131455726470598,0.5225342853306824,1.156535092825616
brunone,0.0005,0.0005,3000.0,20.0,5,3,3039.443155452436,39.1531322505798,0.00826126541882919,0.089261255954478,0.12280648582367436,0.5396022990462107
brunone,0.0005,0.0005,3000.0,20.0,5,4,3059.7447795823664,59.45475638051039,0.003766322607127507,0.06454101068144562,0.0559876508513316,0.3901634295201394
brunone,0.0005,0.0005,3000.0,20.0,5,5,3080.046403712297,79.75638051044098,0.002583814426897947,0.047806556480267555,0.03840926948850143,0.28900027800853223
brunone,0.0005,0.001,3000.0,20.0,5,1,3000.290023201856,0.0,0.051536202852612845,0.11772475360020966,1.0,1.0
brunone,0.0005,0.001,3000.0,20.0,5,2,3020.591647331786,20.301624129930133,0.021465780159208747,0.12137923150408386,0.41651846606934195,1.0310425615014216
brunone,0.0005,0.001,3000.0,20.0,5,3,3039.443155452436,39.1531322505798,0.017399395553492132,0.10037716729544599,0.3376150082933399,0.852642831908779
brunone,0.0005,0.001,3000.0,20.0,5,4,3059.7447795823664,59.45475638051039,0.010188158123073084,0.06398217158112751,0.19768934378440636,0.5434895349062219
brunone,0.0005,0.001,3000.0,20.0,5,5,3080.046403712297,79.75638051044098,0.007235012730918843,0.04937920934002716,0.14038699652766587,0.4194462747207586
brunone,0.0005,0.005,3000.0,20.0,5,1,3000.290023201856,0.0,0.023453845366666,0.2937503758819974,1.0,1.0
brunone,0.0005,0.005,3000.0,20.0,5,2,3020.591647331786,20.301624129930133,0.009648501896225892,0.16816471790569795,0.4113825151221862,0.5724749028857463
brunone,0.0005,0.005,3000.0,20.0,5,3,3039.443155452436,39.1531322505798,0.005712466438942818,0.08093665715149882,0.24356204066484188,0.2755286930560794
brunone,0.0005,0.005,3000.0,20.0,5,4,3059.7447795823664,59.45475638051039,0.003554301764129151,0.061115749048359896,0.1515445211035942,0.20805334755694313
brunone,0.0005,0.005,3000.0,20.0,5,5,3080.046403712297,79.75638051044098,0.0027500579614295625,0.050231828115111614,0.11725403312064589,0.17100174923789804
