friction_model,x1,spacing_m,n_total,a,b,beta,r2
brunone,2000.0,10.0,3,,2.2388449500525265e-06,3.6652624476164957,-0.6014430551016248
brunone,2000.0,10.0,4,,0.026464887170382853,4.999999999999999,-0.11957161125201066
brunone,2000.0,10.0,5,,0.023372822872476245,2.853242062778815,0.45889647331179073
brunone,2000.0,10.0,6,,0.022962576416560743,1.6649085055351378,0.7590841549393792
brunone,2000.0,10.0,7,,0.023979084644389092,1.0765740609238426,0.8899107824622903
brunone,2000.0,10.0,8,,0.015105991317144279,1.1763285185157515,0.8921825734560339
brunone,2000.0,20.0,3,,0.024443882632019465,1.2445676019707017,1.0
brunone,2000.0,20.0,4,,0.026594970673458326,0.8459320251248954,0.9999793427570377
brunone,2000.0,20.0,5,,0.03633244310910598,0.5287076338962086,0.9859514947958982
brunone,2000.0,20.0,6,,0.0457388863783136,0.365146280661328,0.9977022925979275
brunone,2000.0,20.0,7,,0.07040391423155051,0.3020884621750826,0.9990385858233122
brunone,2000.0,20.0,8,,0.09333641932961449,0.2565751640026416,0.99948067529243
brunone,2000.0,30.0,3,,0.04878450143096145,0.2847605832596795,1.0
brunone,2000.0,30.0,4,,0.056097546078286355,0.30845704967933807,0.9999767424083559
brunone,2000.0,30.0,5,,0.042055680128244455,0.2855481544136792,0.9994076819316977
brunone,2000.0,30.0,6,,0.07292490266834867,0.25222035705778584,0.9983565385077005
brunone,2000.0,30.0,7,,0.10665511475788761,0.2264063236332766,0.9985325852420974
brunone,2000.0,30.0,8,,0.15673650150380844,0.19983072909783067,0.9988210432573976
brunone,2000.0,40.0,3,,0.04096970445313605,0.3261353687390331,1.0
brunone,2000.0,40.0,4,,0.0414440332879108,0.36912765648564755,0.9999560755192818
brunone,2000.0,40.0,5,,0.047293355592124345,0.2897852957420909,0.9991002920589945
brunone,2000.0,40.0,6,,0.05255325307326921,0.310981348958692,0.9999357972964115
brunone,2000.0,40.0,7,,0.06220317923346353,0.2725533707615749,0.9976771084913832
brunone,2000.0,40.0,8,,0.045086127312389236,0.31596738413165265,0.9971761152094442
brunone,2000.0,50.0,3,,0.031484848723996386,0.358383485407745,1.0
brunone,2000.0,50.0,4,,0.02956113761199033,0.3876402474029467,0.9995698259356569
brunone,2000.0,50.0,5,,0.033736459270254406,0.352361032474976,0.9992061589564818
brunone,2000.0,50.0,6,,0.029184602219167622,0.38672435279989464,0.9998979530551697
brunone,2000.0,50.0,7,,0.03188715411564045,0.375011821322018,0.9993508711515743
brunone,2000.0,50.0,8,,0.03166188676127261,0.3098464211364998,0.9965468040046774
brunone,2000.0,60.0,3,,0.02311555109426833,0.4339831251766433,1.0
brunone,2000.0,60.0,4,,0.027634738066811278,0.405314308751059,0.9997893933245828
brunone,2000.0,60.0,5,,0.027078383820703465,0.3720056782376592,0.9992753358842741
brunone,2000.0,60.0,6,,0.02059331027650346,0.44515972587649394,0.9991763249151502
brunone,2000.0,60.0,7,,0.020985708454590104,0.42314129510650395,0.9946662642339374
brunone,2000.0,60.0,8,,0.015356991161821962,0.4809196091361109,0.9864593822694772
brunone,2000.0,70.0,3,,0.019836425311928117,0.500526018879715,1.0
brunone,2000.0,70.0,4,,0.0224360905699104,0.3734074587754705,0.9996092734987387
brunone,2000.0,70.0,5,,0.02192472335294724,0.3764317444376273,0.9986242456448433
brunone,2000.0,70.0,6,,0.017066047816806488,0.494432242509932,0.99911333218527
brunone,2000.0,70.0,7,,0.012238558152358076,0.5867041933376559,0.9834603406112395
brunone,2000.0,70.0,8,,0.010782193528962829,0.5902421370233722,0.97986185880998
brunone,2000.0,80.0,3,,0.02480839652024793,0.40701972932601305,1.0
brunone,2000.0,80.0,4,,0.016177180433813797,0.42683330524399293,0.9996170991256202
brunone,2000.0,80.0,5,,0.021894460518187844,0.3261570594871768,0.9996662657923456
brunone,2000.0,80.0,6,,0.015018936619770315,0.4803790096942521,0.9995123286645761
brunone,2000.0,80.0,7,,0.010545732257350655,0.5910822546429855,0.9824606893744803
brunone,2000.0,80.0,8,,0.010776347569749569,0.5206172197706316,0.9891663840532687
brunone,2000.0,90.0,3,,0.0173020172020665,0.4535031959358706,1.0
brunone,2000.0,90.0,4,,0.015109226120555609,0.41997142041975766,0.9995508992200132
brunone,2000.0,90.0,5,,0.01632877833591035,0.4023563740777307,0.9981993282232041
brunone,2000.0,90.0,6,,0.00857636993770482,0.8054858171741953,0.986088750955018
brunone,2000.0,90.0,7,,0.008881515856407653,0.6315631025273732,0.9876031819304468
brunone,2000.0,90.0,8,,0.009009380093615313,0.5374105924827846,0.9928241849480103
brunone,2000.0,100.0,3,,0.015960862556089514,0.45201962978070875,1.0
brunone,2000.0,100.0,4,,0.01547478818171865,0.3639369314619434,0.9997915447027423
brunone,2000.0,100.0,5,,0.012295612036464378,0.4207706415624947,0.9989311982401423
brunone,2000.0,100.0,6,,0.008812956035308614,0.7044768134096717,0.9963557268813558
brunone,2000.0,100.0,7,,0.009004454661660596,0.5672155571769502,0.9931916359966129
brunone,2000.0,100.0,8,,0.013302847209414275,0.3647519641423796,0.998837577349518
brunone,2500.0,10.0,3,,3.763828683847267e-05,2.9260596304299398,-1.4845322650224344
brunone,2500.0,10.0,4,,0.023038838502886776,4.999999999999999,-0.4643336597250869
brunone,2500.0,10.0,5,,0.01933250115729908,4.999999999999999,-0.23939525991788813
brunone,2500.0,10.0,6,,0.017897319270366266,4.999999999999997,-0.007294599675391922
brunone,2500.0,10.0,7,,0.015607097332231987,3.5595056102334004,0.1908316851815175
brunone,2500.0,10.0,8,,0.0125442284270156,2.9988710671194307,0.17862822970958392
brunone,2500.0,20.0,3,,0.028968186169421574,2.0050100197764418,1.0
brunone,2500.0,20.0,4,,0.030695872123398273,0.9715745617852789,0.997671172755376
brunone,2500.0,20.0,5,,0.04098211082871799,0.5773759950485482,0.9938605415686874
brunone,2500.0,20.0,6,,0.041117085521879294,0.5208533907284001,0.9993279618067794
brunone,2500.0,20.0,7,,0.03676387662268614,0.46975232070753364,0.9956177880748596
brunone,2500.0,20.0,8,,0.02931392773150918,0.5066693126744495,0.9710915237172247
brunone,2500.0,30.0,3,,0.021254198567194477,2.3472055642912584,1.0
brunone,2500.0,30.0,4,,0.024948122472850925,0.9551090300098538,0.9965832361686714
brunone,2500.0,30.0,5,,0.04714208658762764,0.4829432660935281,0.9955935051645389
brunone,2500.0,30.0,6,,0.03416943810591684,0.49075171020915276,0.9815304638862943
brunone,2500.0,30.0,7,,0.03765509017450502,0.43345058482526166,0.9832104395203548
brunone,2500.0,30.0,8,,0.029266679104297547,0.49694274465083277,0.9741523303804864
brunone,2500.0,40.0,3,,0.9999999999999987,0.12898775036499924,0.9995321741358351
brunone,2500.0,40.0,4,,0.2952916949191636,0.19307263743508743,0.9999394225958071
brunone,2500.0,40.0,5,,0.07273922836320461,0.34683197223583306,0.9976801924870861
brunone,2500.0,40.0,6,,0.030824837064183944,0.5188871280911809,0.9968777659288303
brunone,2500.0,40.0,7,,0.02368756932058383,0.507336009188161,0.9910486547342235
brunone,2500.0,40.0,8,,0.018989532658564956,0.5644280645204656,0.9897090522309812
brunone,2500.0,50.0,3,,0.6536083227536119,0.10000000000000002,0.999261366353941
brunone,2500.0,50.0,4,,0.9999999999889206,0.1212749215186377,0.9933135479634502
brunone,2500.0,50.0,5,,0.10147266117413692,0.2634839303682022,0.9976991776417605
brunone,2500.0,50.0,6,,0.023114279286612575,0.5480881876491692,0.9990550287476876
brunone,2500.0,50.0,7,,0.014394587040839877,0.6858096885267795,0.9779057165545524
brunone,2500.0,50.0,8,,0.013286879454379447,0.6523287709666854,0.980882842189135
brunone,2500.0,60.0,3,,0.018020565411856947,0.41245904963687846,1.0
brunone,2500.0,60.0,4,,0.999999999951429,0.10535391029726117,0.9953744758387763
brunone,2500.0,60.0,5,,0.051496490580376204,0.2918074833593779,0.9994083477353182
brunone,2500.0,60.0,6,,0.021340619486511756,0.44622929644080095,0.9988104634256629
brunone,2500.0,60.0,7,,0.013154593545778984,0.5757719338944491,0.9944646153163847
brunone,2500.0,60.0,8,,0.011475116175644444,0.5978830151393216,0.9935895134755989
brunone,2500.0,70.0,3,,0.010977901873815208,0.6862529220355357,1.0
brunone,2500.0,70.0,4,,0.11530634644932142,0.17291051833845017,0.9896132355119195
brunone,2500.0,70.0,5,,0.023236343013055955,0.4025819829949363,0.9994623479318906
brunone,2500.0,70.0,6,,0.025331984445250297,0.3385034079543129,0.9967914245061374
brunone,2500.0,70.0,7,,0.01452239920962403,0.4340850292414534,0.993538129432439
brunone,2500.0,70.0,8,,0.014180535127223153,0.3482691875051996,0.9913718983130001
brunone,2500.0,80.0,3,,0.009508947403663095,0.6641235968443833,1.0
brunone,2500.0,80.0,4,,0.036334300189039326,0.23543992029577385,0.9947191224667145
brunone,2500.0,80.0,5,,0.020396672168745293,0.36624702735923,0.9995122318255174
brunone,2500.0,80.0,6,,0.016826130705036864,0.4035885390258881,0.9980360946392111
brunone,2500.0,80.0,7,,0.011563907946692542,0.4761799107059957,0.996252152962309
brunone,2500.0,80.0,8,,0.008792532568827637,0.5668811601737068,0.9977408332883967
brunone,2500.0,90.0,3,,0.008386521510992421,0.7378696908683705,1.0
brunone,2500.0,90.0,4,,0.017040725392214007,0.3674781853278199,0.9979044227276821
brunone,2500.0,90.0,5,,0.014327825673502301,0.4296908691161305,0.9998856400161299
brunone,2500.0,90.0,6,,0.012504880101417802,0.43207775682557936,0.9966195311904538
brunone,2500.0,90.0,7,,0.010354929981087082,0.45080253143514326,0.9934487589159658
brunone,2500.0,90.0,8,,0.008426116844126258,0.5064867718667082,0.99401374070591
brunone,2500.0,100.0,3,,0.0074925393838418015,0.7198568978025497,1.0
brunone,2500.0,100.0,4,,0.013458575769498321,0.4344079252387508,0.999672172402058
brunone,2500.0,100.0,5,,0.011115655412369708,0.4659238837674925,0.9997467850981387
brunone,2500.0,100.0,6,,0.009578067178997462,0.4752475789203578,0.9983206983658172
brunone,2500.0,100.0,7,,0.00840849918231048,0.4637013785076647,0.9904098969755318
brunone,2500.0,100.0,8,,0.00841405291313716,0.4426158230943896,0.9852605661026267
brunone,3000.0,10.0,3,,2.829772674337364e-06,3.6653250137768665,-0.5120453144625949
brunone,3000.0,10.0,4,,0.01682193698950145,4.999999999999999,-0.35150234710446804
brunone,3000.0,10.0,5,,0.019590591529501253,2.511086425010741,0.5612376211110599
brunone,3000.0,10.0,6,,0.01763714557962186,1.7376506383436643,0.8837740182492431
brunone,3000.0,10.0,7,,0.016804886469680078,1.4510889081405345,0.8474284629491933
brunone,3000.0,10.0,8,,0.01641206884311953,1.5168541417675487,0.8703999177059101
brunone,3000.0,20.0,3,,0.03855281201035053,0.7813053391799244,1.0
brunone,3000.0,20.0,4,,0.032620677739210006,0.6131716124394243,0.9980492733779655
brunone,3000.0,20.0,5,,0.02673222488201915,0.6998127494876365,0.9795818107264974
brunone,3000.0,20.0,6,,0.019621115499567198,0.6688316378741055,0.9560144791770122
brunone,3000.0,20.0,7,,0.01912866360823604,0.60958133803937,0.9469669477034385
brunone,3000.0,20.0,8,,0.01781335019906411,0.6610538042374282,0.8762404863808287
brunone,3000.0,30.0,3,,0.03872531640457963,0.581520996947947,1.0
brunone,3000.0,30.0,4,,0.024013307586330513,0.7203418143216169,0.9884926097054674
brunone,3000.0,30.0,5,,0.02284496949427094,0.5864002627000714,0.976303106410396
brunone,3000.0,30.0,6,,0.013563836583717959,0.6328127007895223,0.9338190232805286
brunone,3000.0,30.0,7,,0.015626577174106527,0.5279113736576424,0.9920358133440906
brunone,3000.0,30.0,8,,0.013102690541091918,0.5485054863742845,0.9712417243398568
brunone,3000.0,40.0,3,,0.9139874780230137,0.10000000000066475,0.9999885006741208
brunone,3000.0,40.0,4,,0.042020606275996436,0.31631684709399976,0.9998531600263127
brunone,3000.0,40.0,5,,0.021987525678087295,0.3783326815360397,0.9998422369160089
brunone,3000.0,40.0,6,,0.011290181394429177,0.5086053298488991,0.9982151185611936
brunone,3000.0,40.0,7,,0.014213098262836043,0.420821207026413,0.9966024608453911
brunone,3000.0,40.0,8,,0.01396900953469251,0.4040674900519821,0.9949535216848151
brunone,3000.0,50.0,3,,0.0443000549218536,0.38211952599018306,1.0
brunone,3000.0,50.0,4,,0.02595172599019458,0.42661906556888574,0.9990467875007456
brunone,3000.0,50.0,5,,0.013437473779020676,0.4762514241831055,0.9950330290658781
brunone,3000.0,50.0,6,,0.009923547300665537,0.49686310446894444,0.9946942112369256
brunone,3000.0,50.0,7,,0.01068765336531812,0.44097275977523304,0.9973636641510729
brunone,3000.0,50.0,8,,0.008520331125890413,0.6202099410827587,0.9812729147751281
brunone,3000.0,60.0,3,,0.027793651022647727,0.45981711732496333,1.0
brunone,3000.0,60.0,4,,0.015076317710392103,0.6381011285672702,0.999243371641143
brunone,3000.0,60.0,5,,0.01078391953439079,0.6135993383223365,0.9977670223597515
brunone,3000.0,60.0,6,,0.007721336677088049,0.6720911850478587,0.9955450318028355
brunone,3000.0,60.0,7,,0.007126867348334004,0.6734626357422787,0.9948101422983
brunone,3000.0,60.0,8,,0.005828986566269618,0.8228235756838187,0.9845937304094833
brunone,3000.0,70.0,3,,0.024057538274207913,0.45695605447242965,1.0
brunone,3000.0,70.0,4,,0.0167825286285185,0.5076668465810898,0.9989930624963144
brunone,3000.0,70.0,5,,0.008982617617828731,0.6049600274196533,0.9996534407491058
brunone,3000.0,70.0,6,,0.0063259430749084645,0.7161915648614355,0.9985867010122255
brunone,3000.0,70.0,7,,0.004972131423823644,0.877441296758734,0.9988599566045469
brunone,3000.0,70.0,8,,0.005230015960703192,0.8716160206319692,0.9728599928328923
brunone,3000.0,80.0,3,,0.019897407601354045,0.4964785907409099,1.0
brunone,3000.0,80.0,4,,0.012882261822347446,0.5346566752901485,0.9999961339328165
brunone,3000.0,80.0,5,,0.007627305156638712,0.6067576082162522,0.9998325433959003
brunone,3000.0,80.0,6,,0.005337113083473461,0.7303088883237662,0.9978818338726843
brunone,3000.0,80.0,7,,0.004232607081143381,0.861989663197987,0.9938860382303546
brunone,3000.0,80.0,8,,0.004736357788732185,0.7184672254068503,0.9936595546050525
brunone,3000.0,90.0,3,,0.018631379510124984,0.4489728767217527,1.0
brunone,3000.0,90.0,4,,0.011757777163368085,0.5333133499786042,0.9999307972417978
brunone,3000.0,90.0,5,,0.007523252633936329,0.5899337341419256,0.9998895203440898
brunone,3000.0,90.0,6,,0.004858697193116908,0.7214262673119202,0.9988489959491745
brunone,3000.0,90.0,7,,0.004246336100053637,0.9003475802152018,0.9927367850314601
brunone,3000.0,90.0,8,,0.004869073091430326,0.6473654117990887,0.9977840255868227
brunone,3000.0,100.0,3,,0.015336544322107045,0.45407196243365394,1.0
brunone,3000.0,100.0,4,,0.011087461279465622,0.4366425502479299,0.9999996368650947
brunone,3000.0,100.0,5,,0.007690736643158154,0.5097449962215284,0.9999508747862044
brunone,3000.0,100.0,6,,0.0045207462932390875,0.8245401270234587,0.9978273489660874
brunone,3000.0,100.0,7,,0.004354901170236659,0.7608100487339547,0.9986353717141465
brunone,3000.0,100.0,8,,0.005762889942703603,0.4942921375772897,0.9944728045154823
brunone,3500.0,10.0,3,,1.1957527084833022e-06,3.6648473556553167,-0.7590267540274935
brunone,3500.0,10.0,4,,0.021347855787323514,4.999999999999999,-0.2918882712521145
brunone,3500.0,10.0,5,,0.019712522499960094,3.9359451055906964,0.003850598700130492
brunone,3500.0,10.0,6,,0.01769966176499121,3.480240369562611,0.2037523621108469
brunone,3500.0,10.0,7,,0.016408031064549366,3.528799720714218,0.42093823622767046
brunone,3500.0,10.0,8,,0.014992228101319123,2.4628784086135025,0.6116409498906796
brunone,3500.0,20.0,3,,0.024341246107773377,1.2109016470641811,1.0
brunone,3500.0,20.0,4,,0.03146818683664015,0.6869323392540843,0.9967897422084085
brunone,3500.0,20.0,5,,0.02922302427420285,0.6305361634073815,0.9913263797824847
brunone,3500.0,20.0,6,,0.022287839379888923,0.7124675033711918,0.973605595264253
brunone,3500.0,20.0,7,,0.02389570381216746,0.5545022412975187,0.9587960248456222
brunone,3500.0,20.0,8,,0.02470465783944183,0.4756505328923052,0.975302569710153
brunone,3500.0,30.0,3,,0.0318396016499392,0.547101297039633,1.0
brunone,3500.0,30.0,4,,0.03100965023684222,0.5216875759278924,0.9949679272481879
brunone,3500.0,30.0,5,,0.025674315721276056,0.5766170424117332,0.9695301073798089
brunone,3500.0,30.0,6,,0.023480275652079594,0.5284428788967607,0.9762377765179389
brunone,3500.0,30.0,7,,0.020061620206648586,0.5478142763133895,0.9770852013887639
brunone,3500.0,30.0,8,,0.017436972178570737,0.54909357381806,0.9500535815638724
brunone,3500.0,40.0,3,,0.041220426114449524,0.34057434809136256,1.0
brunone,3500.0,40.0,4,,0.04673897087247205,0.3523880924625874,0.9998827352710907
brunone,3500.0,40.0,5,,0.03919608046589999,0.4081324938601219,0.9992768894844911
brunone,3500.0,40.0,6,,0.028597473232574278,0.3873116991182909,0.9991934644911877
brunone,3500.0,40.0,7,,0.027420250587121036,0.3200272970829198,0.998168792434621
brunone,3500.0,40.0,8,,0.032762347088499254,0.3055385281617846,0.9979141310144004
brunone,3500.0,50.0,3,,0.030746084211584337,0.38714622223987577,1.0
brunone,3500.0,50.0,4,,0.03215226267631569,0.4027510977453867,0.9995941720754429
brunone,3500.0,50.0,5,,0.02567388206348753,0.44667844701578663,0.998869812340722
brunone,3500.0,50.0,6,,0.025311491553999026,0.40753198649855327,0.9991795552544708
brunone,3500.0,50.0,7,,0.022885344628774038,0.37551219233445204,0.9790511700131285
brunone,3500.0,50.0,8,,0.021438939691848773,0.38265732939623986,0.9981222456974542
brunone,3500.0,60.0,3,,0.025489270384949834,0.4507164252016113,1.0
brunone,3500.0,60.0,4,,0.03045843845593181,0.3859927450461703,0.9999943023114758
brunone,3500.0,60.0,5,,0.022993867175031373,0.39521983366521823,0.9983250027186353
brunone,3500.0,60.0,6,,0.019353480576520303,0.4591374825130231,0.9909560148897572
brunone,3500.0,60.0,7,,0.023736457089780724,0.3924698618399617,0.9998420263798081
brunone,3500.0,60.0,8,,0.013190021750253522,0.4914422493484625,0.9980127336591178
brunone,3500.0,70.0,3,,0.01847347519601823,0.5485450677743664,1.0
brunone,3500.0,70.0,4,,0.023767709335916935,0.41172239596958704,0.999655578982963
brunone,3500.0,70.0,5,,0.018832588007054077,0.41816951281684,0.9992300800287259
brunone,3500.0,70.0,6,,0.017395223924783997,0.4466352401630747,0.9973786841994503
brunone,3500.0,70.0,7,,0.01370799049284504,0.4871876137860101,0.9981669753749595
brunone,3500.0,70.0,8,,0.009838094659143452,0.5220603432996365,0.9984031534087049
brunone,3500.0,80.0,3,,0.01651525067937159,0.5582441231556782,1.0
brunone,3500.0,80.0,4,,0.02187492003288067,0.3603008543219975,0.9999966253908245
brunone,3500.0,80.0,5,,0.01470993875589203,0.4269273743839421,0.9991636064885949
brunone,3500.0,80.0,6,,0.012447724858620331,0.5178770542074026,0.9953613072370631
brunone,3500.0,80.0,7,,0.01096807321699785,0.5239756929458094,0.9996424809555731
brunone,3500.0,80.0,8,,0.008174640216760828,0.6445882425195296,0.9971792114585198
brunone,3500.0,90.0,3,,0.014263996640865534,0.6636726790142358,1.0
brunone,3500.0,90.0,4,,0.014167041664563281,0.4816370959752365,0.9999807432283145
brunone,3500.0,90.0,5,,0.014278997310389212,0.5072989056344225,0.9984474596255422
brunone,3500.0,90.0,6,,0.010783650457734762,0.5028580866305566,0.9996788080724327
brunone,3500.0,90.0,7,,0.008290680992496515,0.5258246157404706,0.9985841298390615
brunone,3500.0,90.0,8,,0.006805535644850797,0.5647140327900919,0.9989976757633804
brunone,3500.0,100.0,3,,0.014839039900856985,0.6219613331790018,1.0
brunone,3500.0,100.0,4,,0.01827669950040504,0.4469608447584648,0.9995437759258253
brunone,3500.0,100.0,5,,0.013565634724053774,0.4795168222096275,0.99950992750559
brunone,3500.0,100.0,6,,0.011543698203655226,0.46007909826292476,0.9995114799776436
brunone,3500.0,100.0,7,,0.00934718903033432,0.4737052289504818,0.9997564446273427
brunone,3500.0,100.0,8,,0.00749970229054573,0.4584176112106962,0.9972156173382535
brunone,4000.0,10.0,3,,2.462469094566288e-05,2.9253431145609055,-0.8110526114908796
brunone,4000.0,10.0,4,,0.021994186158342418,4.999999999999999,-0.37525020478758164
brunone,4000.0,10.0,5,,0.02069953131747809,4.052807779127668,-0.03835369901676544
brunone,4000.0,10.0,6,,0.016933891533759998,2.9526043939168867,0.1363646892839474
brunone,4000.0,10.0,7,,0.014567960968711146,2.3977647493515213,0.28155053358681703
brunone,4000.0,10.0,8,,0.014375263125501485,1.7008538173055698,0.532977994154008
brunone,4000.0,20.0,3,,0.022338445670083133,4.999999999999999,-0.05668326151126846
brunone,4000.0,20.0,4,,0.016945820002432093,2.649953401284129,0.2385409179772866
brunone,4000.0,20.0,5,,0.015497695242833601,1.7693991452176214,0.4563273745009129
brunone,4000.0,20.0,6,,0.01563942151276814,0.8984324745121106,0.8632935937684106
brunone,4000.0,20.0,7,,0.012909671050918422,0.7780223261445303,0.8903172386234279
brunone,4000.0,20.0,8,,0.013587221342278934,0.6455399911271313,0.8763046072152817
brunone,4000.0,30.0,3,,0.03306317952247243,0.7841953524625428,1.0
brunone,4000.0,30.0,4,,0.048336146418153675,0.4639048899231571,0.9976383746185584
brunone,4000.0,30.0,5,,0.05454726605501015,0.3879548444987777,0.9967572391028809
brunone,4000.0,30.0,6,,0.03738828028065146,0.38842958198767114,0.9969284615295045
brunone,4000.0,30.0,7,,0.026190436641293342,0.4359250337592259,0.9904802481233023
brunone,4000.0,30.0,8,,0.026854389513657692,0.4228441728684701,0.9818826099737534
brunone,4000.0,40.0,3,,0.9999999999999999,0.14732069464298894,0.9999241885724638
brunone,4000.0,40.0,4,,0.05091402655081649,0.3522331484035377,0.9995370421811912
brunone,4000.0,40.0,5,,0.038449502219064305,0.3546634556600783,0.9997177090581181
brunone,4000.0,40.0,6,,0.024584733320664607,0.42675281030884765,0.9989474717249583
brunone,4000.0,40.0,7,,0.024137697444310647,0.41059027374967416,0.9993064561017145
brunone,4000.0,40.0,8,,0.025894891555620178,0.4087876964903313,0.9977485531979836
brunone,4000.0,50.0,3,,0.183472986154271,0.19921521035439657,1.0
brunone,4000.0,50.0,4,,0.0354698272687575,0.41845846592820374,0.9999459152105892
brunone,4000.0,50.0,5,,0.024659007043485785,0.41186087871539756,0.9998566923439451
brunone,4000.0,50.0,6,,0.021939932051835996,0.4294824541644227,0.9993285380933374
brunone,4000.0,50.0,7,,0.019648907966580215,0.47873285320859293,0.9980056910017554
brunone,4000.0,50.0,8,,0.022615368248878803,0.4134313120872093,0.9941434316446269
brunone,4000.0,60.0,3,,0.02452441497830682,0.6476591955283866,1.0
brunone,4000.0,60.0,4,,0.022266301424515588,0.5221175524775938,0.9999720783249813
brunone,4000.0,60.0,5,,0.022775070302544456,0.40455276724868544,0.9999267840008034
brunone,4000.0,60.0,6,,0.01732994278386337,0.49373253259642197,0.9982814397552782
brunone,4000.0,60.0,7,,0.01604927042079779,0.4967891356625075,0.9975310728742807
brunone,4000.0,60.0,8,,0.015487758274452312,0.4258480949229064,0.9969910568574958
brunone,4000.0,70.0,3,,0.027078524741258207,0.47637061159497,1.0
brunone,4000.0,70.0,4,,0.02272469192871631,0.4535359516328177,0.9997548118822522
brunone,4000.0,70.0,5,,0.020244306695799533,0.4227761233185487,0.9990714287353173
brunone,4000.0,70.0,6,,0.015368060856545821,0.5287412875783056,0.9986440817995833
brunone,4000.0,70.0,7,,0.01637406672642485,0.43169749058323387,0.999855631138197
brunone,4000.0,70.0,8,,0.01369023411214569,0.4249105693925909,0.9994561314160529
brunone,4000.0,80.0,3,,0.04631860496429645,0.2388298662204188,1.0
brunone,4000.0,80.0,4,,0.02211014577699431,0.4214057107783454,0.9995578788456275
brunone,4000.0,80.0,5,,0.01764482941909129,0.45686395185028233,0.9985259660856252
brunone,4000.0,80.0,6,,0.017681342758185076,0.4243157939805337,0.9995583084990505
brunone,4000.0,80.0,7,,0.013406008611165915,0.46567792802937213,0.9992658376777545
brunone,4000.0,80.0,8,,0.011968641412578555,0.45817689450171706,0.9979068044770174
brunone,4000.0,90.0,3,,0.05630442466294162,0.2482863173234133,1.0
brunone,4000.0,90.0,4,,0.026063563644025622,0.35137387474287307,0.9999548122916828
brunone,4000.0,90.0,5,,0.018704006793817306,0.4105822538924034,0.9995720290970243
brunone,4000.0,90.0,6,,0.0166558782069691,0.40223802477208515,0.9996978006711951
brunone,4000.0,90.0,7,,0.012609744393144452,0.44200157804937934,0.998611524263717
brunone,4000.0,90.0,8,,0.011113060436379451,0.4333749002301502,0.9958737400221485
brunone,4000.0,100.0,3,,0.08468676413280259,0.21925783069025567,1.0
brunone,4000.0,100.0,4,,0.020200052512181065,0.4025046770683784,0.9998697087662624
brunone,4000.0,100.0,5,,0.01796435972100118,0.3776870032724622,0.9996833170289074
brunone,4000.0,100.0,6,,0.013943552677151545,0.4193879033088057,0.9990097502491466
brunone,4000.0,100.0,7,,0.011865690729903096,0.4368205720424876,0.9990557196431598
brunone,4000.0,100.0,8,,0.009869357523465799,0.47702596798429564,0.9956364720106758
steady,2000.0,10.0,3,,0.04750229379879022,0.5984926432004295,1.0
steady,2000.0,10.0,4,,0.08297142177757447,0.3939266982613109,0.9999479424873614
steady,2000.0,10.0,5,,0.07556292497812347,0.37562113059259267,0.9999049053591845
steady,2000.0,10.0,6,,0.04637386260382121,0.545392554014461,0.9996119606550652
steady,2000.0,10.0,7,,0.046214096701213306,0.49753043879839476,0.9950810276933187
steady,2000.0,10.0,8,,0.03272568389205454,0.5431096212036914,0.9989185276135804
steady,2000.0,20.0,3,,0.023634238421866585,0.6183681786588935,1.0
steady,2000.0,20.0,4,,0.0332198768817326,0.48264618447792623,0.9996672287477703
steady,2000.0,20.0,5,,0.03861985552214864,0.4535388993579397,0.9999099469171938
steady,2000.0,20.0,6,,0.021677702664593772,0.7140385537588703,0.9999739540936844
steady,2000.0,20.0,7,,0.03046554650999349,0.52154059354075,0.9997701673251078
steady,2000.0,20.0,8,,0.0184216537136147,0.7139409383747897,0.9994679007665525
steady,2000.0,30.0,3,,0.015257288937781907,0.6462191514999522,0.9999999999999999
steady,2000.0,30.0,4,,0.025506851174653913,0.6589054561163419,0.9998745561781975
steady,2000.0,30.0,5,,0.02006041035478049,0.7356544844971123,0.999188281720952
steady,2000.0,30.0,6,,0.015570878033508016,0.9254746244323725,0.9979123194633596
steady,2000.0,30.0,7,,0.01754992633654684,0.790367669267954,0.9991743890842969
steady,2000.0,30.0,8,,0.016448478421003263,0.7460331695162796,0.9977651996273524
steady,2000.0,40.0,3,,0.020035142198396562,1.0992946815174793,1.0
steady,2000.0,40.0,4,,0.029685168790787708,0.6336835605344427,0.9954159784244572
steady,2000.0,40.0,5,,0.017201389066411655,0.6601035635454431,0.9900687298472639
steady,2000.0,40.0,6,,0.022953458409333806,0.6098149747413307,0.9828064685529437
steady,2000.0,40.0,7,,0.01848345637055619,0.5981801781806902,0.9884219020775343
steady,2000.0,40.0,8,,0.017928842532348596,0.5892988138085645,0.9911605258200472
steady,2000.0,50.0,3,,0.016082411215907682,1.1113207815788686,1.0
steady,2000.0,50.0,4,,0.021735644314509656,0.6598965638786644,0.9929060420703955
steady,2000.0,50.0,5,,0.01470366662675756,0.6920833003751558,0.9930116323589928
steady,2000.0,50.0,6,,0.02393553293553642,0.5195520265751341,0.990876357926354
steady,2000.0,50.0,7,,0.013654189533732057,0.6213106394783118,0.9908645625592315
steady,2000.0,50.0,8,,0.014922978969758343,0.5710712031579859,0.9893223710242585
steady,2000.0,60.0,3,,0.013107319981980312,1.1382744561570226,1.0
steady,2000.0,60.0,4,,0.013772886473241477,0.9080633716222086,0.9961475731562267
steady,2000.0,60.0,5,,0.01222374375039499,0.76869503899758,0.9951908590304627
steady,2000.0,60.0,6,,0.01942843245234326,0.5722206970504253,0.9934045454094195
steady,2000.0,60.0,7,,0.014015919024028099,0.6459639017289741,0.9850754752060664
steady,2000.0,60.0,8,,0.012616428872285881,0.6394673452562304,0.988302270972076
steady,2000.0,70.0,3,,0.011407503199997516,1.2105926919807115,1.0
steady,2000.0,70.0,4,,0.010695149280337525,0.7152902961541222,0.9881215196484039
steady,2000.0,70.0,5,,0.01085572868431378,0.6587452611294711,0.9920748951412506
steady,2000.0,70.0,6,,0.01454270751047686,0.5497149576574724,0.9877710781712128
steady,2000.0,70.0,7,,0.010190345246303138,0.6444573259418768,0.9937701161117107
steady,2000.0,70.0,8,,0.009247877793733185,0.6215627467961586,0.9968997802051482
steady,2000.0,80.0,3,,0.010221784405761318,1.182138595152651,1.0
steady,2000.0,80.0,4,,0.00833267881001656,0.7219090455536469,0.9893118631883316
steady,2000.0,80.0,5,,0.009450434593196838,0.6499670830711255,0.9923454287557291
steady,2000.0,80.0,6,,0.013027793877619728,0.5788709731093546,0.9948182003314027
steady,2000.0,80.0,7,,0.008636886208892889,0.7101865157478855,0.9947193733741142
steady,2000.0,80.0,8,,0.00803911213855651,0.6254318243418466,0.9967091851274649
steady,2000.0,90.0,3,,0.00681431462401879,0.5598561745138126,1.0
steady,2000.0,90.0,4,,0.0034882448988923865,0.6384379048714554,0.9998885383889127
steady,2000.0,90.0,5,,0.003874929948709595,0.6094668631605427,0.9996327546366087
steady,2000.0,90.0,6,,0.005104584983257227,0.5838467850878041,0.9999965194415933
steady,2000.0,90.0,7,,0.004019795339202305,0.6386539505421878,0.9996033025007124
steady,2000.0,90.0,8,,0.0032218298868123677,0.6726370623058151,0.9937270918012651
steady,2000.0,100.0,3,,0.006134423396119716,0.5709092077720157,1.0
steady,2000.0,100.0,4,,0.003247339373551972,0.6630548652966626,0.9997590956991387
steady,2000.0,100.0,5,,0.003529699519229646,0.622183759509756,0.9994963351035536
steady,2000.0,100.0,6,,0.00421062110965335,0.5615161923930322,0.99998750085716
steady,2000.0,100.0,7,,0.0033400014573130195,0.5695480464920606,0.9999786406512406
steady,2000.0,100.0,8,,0.002783846209556524,0.5660843267015672,0.9974642771700196
steady,2500.0,10.0,3,,0.05798775438607356,0.6093777269859724,1.0
steady,2500.0,10.0,4,,0.04530795089721091,0.6357859201365378,0.9999424220298312
steady,2500.0,10.0,5,,0.03847242608887078,0.591370652104921,0.9998664467764545
steady,2500.0,10.0,6,,0.039573081556004926,0.6633721368045797,0.9993179220596197
steady,2500.0,10.0,7,,0.046640602106610606,0.573206558487213,0.9989610563280152
steady,2500.0,10.0,8,,0.03664428119948006,0.6369158331987177,0.9996086782541682
steady,2500.0,20.0,3,,0.025190161031112396,0.6085778482669,1.0
steady,2500.0,20.0,4,,0.025813722367727103,0.7586428996012818,0.9986091534560854
steady,2500.0,20.0,5,,0.023481076791832547,0.8012218697171889,0.9988972185599811
steady,2500.0,20.0,6,,0.02153386712517145,1.0394383088630672,0.9932443680760757
steady,2500.0,20.0,7,,0.02585859341969761,0.8630516922510947,0.993202288934568
steady,2500.0,20.0,8,,0.02228739787770506,0.891803773575484,0.9981993751897607
steady,2500.0,30.0,3,,0.025856449396359733,1.0899120075769728,1.0
steady,2500.0,30.0,4,,0.02640783428784027,0.7306907779161056,0.9924213880916098
steady,2500.0,30.0,5,,0.024413100582534694,0.6397666624745452,0.9885272847078491
steady,2500.0,30.0,6,,0.022197518790525644,0.7378121293902807,0.9911135158042204
steady,2500.0,30.0,7,,0.023481091548758586,0.6537245085615971,0.991072822485879
steady,2500.0,30.0,8,,0.02219180281498832,0.6451414785543099,0.9910044945111197
steady,2500.0,40.0,3,,0.019478806810420867,1.0927523066544378,1.0
steady,2500.0,40.0,4,,0.019316433804308284,0.7353054152409336,0.9928859977504365
steady,2500.0,40.0,5,,0.017587523617392086,0.7013280014284826,0.9910826157051074
steady,2500.0,40.0,6,,0.020010506456613068,0.6595423633458791,0.9887558764087666
steady,2500.0,40.0,7,,0.01740051752000004,0.6735737416747835,0.990620416708644
steady,2500.0,40.0,8,,0.015013001067803162,0.6970376438854605,0.9940381431061391
steady,2500.0,50.0,3,,0.01589115368478587,1.0772121058431103,1.0
steady,2500.0,50.0,4,,0.015538213726285258,0.753004405195994,0.994398976581222
steady,2500.0,50.0,5,,0.014460023979396166,0.709761965849209,0.9912460688093588
steady,2500.0,50.0,6,,0.021090490124780356,0.5558897384662137,0.9848933724522198
steady,2500.0,50.0,7,,0.014682290235850572,0.6257182015414329,0.9903014054335001
steady,2500.0,50.0,8,,0.012158769584627065,0.6816424431594938,0.9925414601415512
steady,2500.0,60.0,3,,0.013083414688862788,1.071332064805868,1.0
steady,2500.0,60.0,4,,0.012748618196772843,0.7317606632942997,0.9929385154202759
steady,2500.0,60.0,5,,0.011941616413328601,0.7065462374095546,0.9896502273452732
steady,2500.0,60.0,6,,0.015856128088540707,0.5914474155464151,0.9929643170367038
steady,2500.0,60.0,7,,0.01243957717662224,0.634486726367391,0.9903581936954862
steady,2500.0,60.0,8,,0.010115210985269154,0.6908967385788262,0.9936381405118452
steady,2500.0,70.0,3,,0.011181240550302052,1.0729657754069517,1.0
steady,2500.0,70.0,4,,0.01086915271552327,0.7356057703351834,0.9921043077655577
steady,2500.0,70.0,5,,0.01020600097872067,0.6754459695170946,0.9868258320790907
steady,2500.0,70.0,6,,0.014029838816926937,0.5607520744548011,0.9938884976641974
steady,2500.0,70.0,7,,0.010762738827113979,0.6119493259318783,0.990090648011763
steady,2500.0,70.0,8,,0.00829508026932738,0.7147736273679034,0.993982109905596
steady,2500.0,80.0,3,,0.007467996869765366,0.6389161566439883,1.0
steady,2500.0,80.0,4,,0.006124183632521028,0.7681486798425607,0.9994432837296139
steady,2500.0,80.0,5,,0.0058231652137585,0.9223725611138461,0.9986313372777943
steady,2500.0,80.0,6,,0.007316715242382178,0.7131833199054861,0.9974170544313425
steady,2500.0,80.0,7,,0.005850377867884528,0.9048359015288924,0.9937122339985303
steady,2500.0,80.0,8,,0.00510699109081373,0.9948042367717936,0.9953490417214238
steady,2500.0,90.0,3,,0.006557716773730192,0.636704705485619,1.0
steady,2500.0,90.0,4,,0.004724337385923044,0.6780809114973839,0.9999934646375547
steady,2500.0,90.0,5,,0.004238184236105084,0.6804278822948308,0.9999025428878622
steady,2500.0,90.0,6,,0.004927184854245467,0.5121430231086355,0.9998369481440987
steady,2500.0,90.0,7,,0.004997207329799495,0.5118484583689761,0.9998880432244163
steady,2500.0,90.0,8,,0.003819545402941941,0.6751866570369854,0.9998585103298022
steady,2500.0,100.0,3,,0.0058404972114352895,0.6416805703786609,1.0
steady,2500.0,100.0,4,,0.0042617550178965825,0.6731965591608176,0.9999722805158315
steady,2500.0,100.0,5,,0.0039741167510358305,0.7093225502605088,0.9996969824023278
steady,2500.0,100.0,6,,0.004225006430413586,0.5091606148097435,0.9997737129446437
steady,2500.0,100.0,7,,0.004509847013806415,0.5099047840630871,0.9998412723160692
steady,2500.0,100.0,8,,0.0035151117643778427,0.6621612076811663,0.9999419018985356
steady,3000.0,10.0,3,,0.05304554195777984,0.6830700445130262,1.0
steady,3000.0,10.0,4,,0.054813946717350806,0.7886508801607557,0.9987103302701711
steady,3000.0,10.0,5,,0.05465580838852934,0.8323038853231722,0.996694319916543
steady,3000.0,10.0,6,,0.04998344761849853,0.874251246624234,0.9960605414917932
steady,3000.0,10.0,7,,0.04501974918947986,0.9677619569300255,0.9898144782870678
steady,3000.0,10.0,8,,0.04698164680444316,0.9064712445317622,0.9979098893010925
steady,3000.0,20.0,3,,0.03924565985976205,1.1466222782304933,1.0
steady,3000.0,20.0,4,,0.03999372689732616,0.7443392430518747,0.9941718386708314
steady,3000.0,20.0,5,,0.04263730202922126,0.6334567283571143,0.9909722101184615
steady,3000.0,20.0,6,,0.037171306984647226,0.614434979764763,0.9913551182896856
steady,3000.0,20.0,7,,0.03658968442162797,0.6559226102951938,0.9913274087176118
steady,3000.0,20.0,8,,0.04581954615565993,0.5881629540632042,0.9869094117122812
steady,3000.0,30.0,3,,0.028280402041564196,0.990444182849924,1.0
steady,3000.0,30.0,4,,0.02928623980520397,0.8729123481524769,0.9951158675834701
steady,3000.0,30.0,5,,0.027262453163354863,0.7789349781411236,0.9952037682634396
steady,3000.0,30.0,6,,0.026405619721383337,0.7425652558115935,0.9944348275423109
steady,3000.0,30.0,7,,0.03145377142626955,0.6656987983932644,0.9809694796251731
steady,3000.0,30.0,8,,0.030978433694714817,0.6644358959893087,0.9769480025024996
steady,3000.0,40.0,3,,0.021197223153551388,0.9610529489680493,1.0
steady,3000.0,40.0,4,,0.019555486833954947,0.9610413808684064,0.9965871648032951
steady,3000.0,40.0,5,,0.021843423700129084,0.6952767817354336,0.9944295597873358
steady,3000.0,40.0,6,,0.020168599829760575,0.7285067894821864,0.9902138040706898
steady,3000.0,40.0,7,,0.02234653531965145,0.6526926783632603,0.984753736975274
steady,3000.0,40.0,8,,0.02326662322610008,0.63517977214579,0.9883819366147979
steady,3000.0,50.0,3,,0.016420288744060377,1.0081537755961885,1.0
steady,3000.0,50.0,4,,0.015499135127344896,0.8410791988860463,0.9908957801196592
steady,3000.0,50.0,5,,0.01597996033666421,0.6440376749205409,0.9955733607417662
steady,3000.0,50.0,6,,0.017906537634860144,0.6539633557176372,0.9872866235465505
steady,3000.0,50.0,7,,0.0159322527487732,0.676707119943203,0.9940858759063036
steady,3000.0,50.0,8,,0.015116064535375916,0.628163564244408,0.9905641976102643
steady,3000.0,60.0,3,,0.012989316375929913,1.0954342000182862,1.0
steady,3000.0,60.0,4,,0.01371630503461771,0.7863578688736325,0.992228215466484
steady,3000.0,60.0,5,,0.013695427656167927,0.6074854553297571,0.99380018458051
steady,3000.0,60.0,6,,0.013216932149609782,0.6711845112525806,0.9942281902658501
steady,3000.0,60.0,7,,0.011851947460736069,0.6672142472952861,0.991903294109843
steady,3000.0,60.0,8,,0.010250603235136845,0.7112748849584691,0.9917535233559742
steady,3000.0,70.0,3,,0.007423877683316581,0.7051132820014798,1.0
steady,3000.0,70.0,4,,0.008093865891681441,0.7118081658738828,0.9990044873127605
steady,3000.0,70.0,5,,0.0075298009211329,0.87052854836378,0.9965262641044094
steady,3000.0,70.0,6,,0.006669563517238417,1.0383440020922965,0.9912262787765878
steady,3000.0,70.0,7,,0.006376255660451772,0.9840893789582678,0.9957195599837707
steady,3000.0,70.0,8,,0.006039442197893235,0.9769518512596228,0.9974567354478924
steady,3000.0,80.0,3,,0.006648447891519873,0.7226189706230983,1.0
steady,3000.0,80.0,4,,0.006180350009916893,0.5777179116862305,0.9999234667317375
steady,3000.0,80.0,5,,0.0052328803539907764,0.7098811966659174,0.99990754599464
steady,3000.0,80.0,6,,0.004745487083166694,0.701459010172084,0.9995048357301162
steady,3000.0,80.0,7,,0.004380870330804351,0.8177058021496495,0.9994134271311939
steady,3000.0,80.0,8,,0.003982931570653944,0.8044670543790886,0.9969933225666937
steady,3000.0,90.0,3,,0.006021368420319509,0.7538730074085553,1.0
steady,3000.0,90.0,4,,0.005326282280210659,0.5884046206815392,0.9999034039386941
steady,3000.0,90.0,5,,0.004295616990163099,0.6936174370274018,0.9999141624257304
steady,3000.0,90.0,6,,0.004041642472240688,0.6936028120117156,0.999836243785516
steady,3000.0,90.0,7,,0.003734923634306303,0.7894974116866252,0.9993083182483287
steady,3000.0,90.0,8,,0.003688009608337662,0.7317761353787846,0.9996136874941558
steady,3000.0,100.0,3,,0.005595917034749439,0.7943330808271633,1.0
steady,3000.0,100.0,4,,0.004657887349965044,0.6293817435855712,0.9999877070490977
steady,3000.0,100.0,5,,0.0037008308044773233,0.6173891924982006,0.9999305920148495
steady,3000.0,100.0,6,,0.0034293964213971523,0.6929745385136339,0.9992406147478635
steady,3000.0,100.0,7,,0.003343120623445296,0.7885927859590419,0.9963713433968915
steady,3000.0,100.0,8,,0.0034429654280856937,0.7239915593460059,0.9967680053281124
steady,3500.0,10.0,3,,0.09439663479818505,0.9671747455852567,1.0
steady,3500.0,10.0,4,,0.09187987853735059,0.8129765345293678,0.9970464568653764
steady,3500.0,10.0,5,,0.09174050163935547,0.7537266126518714,0.9938564650048172
steady,3500.0,10.0,6,,0.09965649392088928,0.6917846296805188,0.9883282901809939
steady,3500.0,10.0,7,,0.11466930429465791,0.6386701579300915,0.9751253471194438
steady,3500.0,10.0,8,,0.10473780563665126,0.6616581096411276,0.9740169315988284
steady,3500.0,20.0,3,,0.0421284062822832,1.050053606007038,1.0
steady,3500.0,20.0,4,,0.04095156184041967,0.858148507230188,0.9967181597915118
steady,3500.0,20.0,5,,0.04467983398234155,0.7632694548704186,0.9916852974156217
steady,3500.0,20.0,6,,0.0491482644972027,0.703953210195162,0.9901877827792475
steady,3500.0,20.0,7,,0.049191424805587816,0.6825309646833683,0.9848252196712882
steady,3500.0,20.0,8,,0.04894597062529367,0.6660812498681312,0.9816275268052401
steady,3500.0,30.0,3,,0.02688978151398306,1.082247142586254,1.0
steady,3500.0,30.0,4,,0.027710700048613094,0.8657095871368591,0.9967235669728349
steady,3500.0,30.0,5,,0.03207238254775462,0.7271857804393939,0.9896128831630516
steady,3500.0,30.0,6,,0.031267730727856956,0.6848859148906284,0.9895263293237057
steady,3500.0,30.0,7,,0.02991777959985538,0.6594343778149891,0.9857939776404236
steady,3500.0,30.0,8,,0.029233126435869717,0.6622530506979629,0.9826999833910576
steady,3500.0,40.0,3,,0.020139596359147468,1.0982217859821217,1.0
steady,3500.0,40.0,4,,0.021125140940732083,0.7299072463332834,0.9909644292402701
steady,3500.0,40.0,5,,0.022226356426421207,0.671013654848074,0.9935935324616242
steady,3500.0,40.0,6,,0.019833794536314227,0.6751790509493489,0.9903366851230104
steady,3500.0,40.0,7,,0.01823304117098878,0.7147356833347652,0.9953039629973333
steady,3500.0,40.0,8,,0.017338559920300468,0.7515195538879413,0.9950657568309917
steady,3500.0,50.0,3,,0.016012499341121634,1.1047402917601101,1.0
steady,3500.0,50.0,4,,0.01691360443273746,0.7171231328881816,0.991049098395193
steady,3500.0,50.0,5,,0.017157169760888654,0.6547918557778769,0.9930315433485547
steady,3500.0,50.0,6,,0.015639114402042017,0.6446414634790878,0.9902317391428634
steady,3500.0,50.0,7,,0.016157082282768503,0.6714516381882439,0.98676039293398
steady,3500.0,50.0,8,,0.014072048652673195,0.7125044773378195,0.9916010359062095
steady,3500.0,60.0,3,,0.009462412025768781,0.6887072921242844,1.0
steady,3500.0,60.0,4,,0.010599529471352528,0.6502501390718761,0.9997200207389566
steady,3500.0,60.0,5,,0.009035825234804513,0.8200298313392469,0.9970706713494882
steady,3500.0,60.0,6,,0.009650652092859167,0.8937626510096696,0.9942941857736677
steady,3500.0,60.0,7,,0.007829088969820475,1.007081313122945,0.9892964539543517
steady,3500.0,60.0,8,,0.007964302070335785,0.9851159038467262,0.9945856117119527
steady,3500.0,70.0,3,,0.0079534333712683,0.7194291136524499,1.0
steady,3500.0,70.0,4,,0.00766565257449553,0.5507523670047453,0.9999856083463139
steady,3500.0,70.0,5,,0.006572721449397755,0.6953561494769834,0.9991478122468025
steady,3500.0,70.0,6,,0.006302677401495957,0.797379941512448,0.9964372990173034
steady,3500.0,70.0,7,,0.00591112184367275,0.8290672395438972,0.9945998109863934
steady,3500.0,70.0,8,,0.005894653867377272,0.8960163275698804,0.9955918631856958
steady,3500.0,80.0,3,,0.007131184348448955,0.7049895431309683,1.0
steady,3500.0,80.0,4,,0.006722697985786037,0.5493898036315258,0.9999856885837057
steady,3500.0,80.0,5,,0.005741646863454159,0.64372618333292,0.9997567919581114
steady,3500.0,80.0,6,,0.005376550330592275,0.606133118803196,0.9997450830229324
steady,3500.0,80.0,7,,0.0052021521950076765,0.6594534386328668,0.999992598288273
steady,3500.0,80.0,8,,0.00476509639854142,0.7227162094737075,0.9990234479487516
steady,3500.0,90.0,3,,0.006726778823299719,0.6794911671896258,1.0
steady,3500.0,90.0,4,,0.005713848534648179,0.582151270567287,0.9999984768016067
steady,3500.0,90.0,5,,0.004986474633125569,0.6411152516441941,0.9999911646321977
steady,3500.0,90.0,6,,0.0047356927726055036,0.6086061347758978,0.9998186306034421
steady,3500.0,90.0,7,,0.004598237095793734,0.6490020360415504,0.9999496590840823
steady,3500.0,90.0,8,,0.004340859667648177,0.6977431044430117,0.9977343848194191
steady,3500.0,100.0,3,,0.006022108792658477,0.6741773933718624,1.0
steady,3500.0,100.0,4,,0.005983591528334159,0.6964189015180133,0.9995440883099621
steady,3500.0,100.0,5,,0.005441551156457652,0.8327651431279947,0.99855326305616
steady,3500.0,100.0,6,,0.004948650137400498,0.9550225990570448,0.9951171802904272
steady,3500.0,100.0,7,,0.004652503212675422,0.9301187516840417,0.9977687045256074
steady,3500.0,100.0,8,,0.004868305879707294,0.8738751604795495,0.9962173100377117
steady,4000.0,10.0,3,,0.05617996455685307,0.6978638137662986,1.0
steady,4000.0,10.0,4,,0.049831556892585095,0.6544251918779345,0.9999860569559739
steady,4000.0,10.0,5,,0.043377424944756056,0.6496922664639724,0.9999821349156252
steady,4000.0,10.0,6,,0.04103052624086629,0.6948155905898997,0.9999902583480085
steady,4000.0,10.0,7,,0.03954711431240894,0.6647891873682985,0.9999548877756333
steady,4000.0,10.0,8,,0.039598924009226356,0.6550165838695284,0.9995114068587101
steady,4000.0,20.0,3,,0.028318695272699403,0.6914368082113126,1.0
steady,4000.0,20.0,4,,0.02450767084833301,0.6443890683212443,0.9999999987447903
steady,4000.0,20.0,5,,0.022425867153993133,0.6512143034580824,0.9999627946684124
steady,4000.0,20.0,6,,0.02149007448201283,0.6268642941365149,0.999843176051038
steady,4000.0,20.0,7,,0.020068500260561176,0.6824956717928147,0.9989597032512398
steady,4000.0,20.0,8,,0.020129905281541644,0.7497310704403322,0.9989020262898651
steady,4000.0,30.0,3,,0.019254820183403795,0.6791410472590835,1.0
steady,4000.0,30.0,4,,0.019460804495010895,0.7332836191978398,0.99931484399811
steady,4000.0,30.0,5,,0.018755673915847114,0.7955341792266898,0.9982088046181535
steady,4000.0,30.0,6,,0.016695152911618213,0.9115986401383714,0.995560772813285
steady,4000.0,30.0,7,,0.015841208194201904,0.9547455626073188,0.9970017422787971
steady,4000.0,30.0,8,,0.016007463756081506,0.906434238227594,0.9975422009820653
steady,4000.0,40.0,3,,0.015098803307066205,0.6602602577745807,1.0
steady,4000.0,40.0,4,,0.016151635212282404,0.6864223832795592,0.9991514357785086
steady,4000.0,40.0,5,,0.013930436570860846,0.8140983257963819,0.9978944424485576
steady,4000.0,40.0,6,,0.0120342925267125,1.0131787522899465,0.9938839724383108
steady,4000.0,40.0,7,,0.011847215986953163,0.9934828564953613,0.9962932093682907
steady,4000.0,40.0,8,,0.01200763644376138,0.9712405207719137,0.9947179794988119
steady,4000.0,50.0,3,,0.017371812839686404,1.0733234181299607,1.0
steady,4000.0,50.0,4,,0.017478974156597465,0.7588885545520289,0.9952131320725939
steady,4000.0,50.0,5,,0.015137215195932825,0.75972984914179,0.9929776586195647
steady,4000.0,50.0,6,,0.01506085621192227,0.7034989781959368,0.985611447040572
steady,4000.0,50.0,7,,0.015365510378598748,0.6759876856121126,0.9885321005942371
steady,4000.0,50.0,8,,0.017230554622176805,0.6372210232558471,0.9864743120538737
steady,4000.0,60.0,3,,0.01512894098362424,1.0268151184966643,1.0
steady,4000.0,60.0,4,,0.014075328606088159,0.764660054737602,0.9943787829010471
steady,4000.0,60.0,5,,0.012075818550298994,0.7878309494339749,0.9918723791761782
steady,4000.0,60.0,6,,0.012377429247250885,0.7259111024241011,0.9906007283311364
steady,4000.0,60.0,7,,0.012835167973112755,0.705032211951658,0.9913762159712571
steady,4000.0,60.0,8,,0.012872347227082399,0.6742722014788168,0.9916575151811269
steady,4000.0,70.0,3,,0.012930896606917559,1.0082861756916501,1.0
steady,4000.0,70.0,4,,0.011022743225772428,0.9756766987210932,0.9982085334300835
steady,4000.0,70.0,5,,0.01078061052183558,0.8818864742097352,0.9955361397630901
steady,4000.0,70.0,6,,0.011840462887787714,0.781673091219597,0.991530955505617
steady,4000.0,70.0,7,,0.012877125910843308,0.7103465970498823,0.9857415162630099
steady,4000.0,70.0,8,,0.01237344954828545,0.6925306412115709,0.9819763261568598
steady,4000.0,80.0,3,,0.011267338668239937,1.0195888110317437,1.0
steady,4000.0,80.0,4,,0.00932717463232992,1.0055604449090179,0.9987298623545907
steady,4000.0,80.0,5,,0.009553828980946146,0.8808384992912363,0.9958581466764957
steady,4000.0,80.0,6,,0.010559247619707605,0.7824595960825111,0.992439735565691
steady,4000.0,80.0,7,,0.010702768242284588,0.7417595438078948,0.987964422701231
steady,4000.0,80.0,8,,0.010396748941318692,0.7144655288258319,0.9840824095372709
steady,4000.0,90.0,3,,0.010128519690354762,1.0203094121564091,1.0
steady,4000.0,90.0,4,,0.008504527943616362,0.7984591669770732,0.9923736510617276
steady,4000.0,90.0,5,,0.008878763623327039,0.7056200350032101,0.9902768526069544
steady,4000.0,90.0,6,,0.008986922249417308,0.7201952710511429,0.9932695563067986
steady,4000.0,90.0,7,,0.008547130459764827,0.7195752797645381,0.9899574069251365
steady,4000.0,90.0,8,,0.008169279529056987,0.707188422324563,0.9893438854531571
steady,4000.0,100.0,3,,0.007174431520274407,0.6163981814111493,1.0
steady,4000.0,100.0,4,,0.004895593493606625,0.6679765406935266,0.9999999821993482
steady,4000.0,100.0,5,,0.00504500530010732,0.6511115457430705,0.9999779306778968
steady,4000.0,100.0,6,,0.0051389613588326616,0.6652619277981304,0.9997519303397221
steady,4000.0,100.0,7,,0.004621227403006247,0.713099226984617,0.9998466887425845
steady,4000.0,100.0,8,,0.004380330100902015,0.7402051298356468,0.999954385261299
steady,4500.0,10.0,3,,0.05941039886818203,0.7055905844771181,1.0
steady,4500.0,10.0,4,,0.06001169109766744,0.571137906035857,0.9999999933614153
steady,4500.0,10.0,5,,0.06282569646498072,0.5656936156305625,0.9998221235153217
steady,4500.0,10.0,6,,0.05473432129321085,0.6242268817804622,0.9997693775135459
steady,4500.0,10.0,7,,0.05195120313165243,0.6423150299929383,0.9999066432301179
steady,4500.0,10.0,8,,0.05324462439394132,0.6287358519853576,0.9994736659538382
steady,4500.0,20.0,3,,0.02855711186012818,0.6744178380010147,1.0
steady,4500.0,20.0,4,,0.032403656168436296,0.6453720563407845,0.9999171088477059
steady,4500.0,20.0,5,,0.031350569114851984,0.6157428316613834,0.9992016967197976
steady,4500.0,20.0,6,,0.02781388675834472,0.6810757831653595,0.9984697742710007
steady,4500.0,20.0,7,,0.02790832430866274,0.7096984544371766,0.9978327933723311
steady,4500.0,20.0,8,,0.027929929093806177,0.7414565777267808,0.9970531163640336
steady,4500.0,30.0,3,,0.018963211440607284,0.6430126060829556,1.0
steady,4500.0,30.0,4,,0.022207899605840697,0.7962750364200493,0.9994363946789746
steady,4500.0,30.0,5,,0.021329147897592157,0.8062070452028937,0.9964433318250498
steady,4500.0,30.0,6,,0.020252393816578937,0.8805156509228425,0.9927160175164117
steady,4500.0,30.0,7,,0.02094668212573668,0.8249076537373067,0.996415426539036
steady,4500.0,30.0,8,,0.021452438131387818,0.7957706651392764,0.997403891675497
steady,4500.0,40.0,3,,0.019652257253611975,1.0846752869999527,1.0
steady,4500.0,40.0,4,,0.023049599787234434,0.7667358343275875,0.9884763069980339
steady,4500.0,40.0,5,,0.024596011464731195,0.6741470638967809,0.9903299739818894
steady,4500.0,40.0,6,,0.023165163140040055,0.6682355861113392,0.9944997247582185
steady,4500.0,40.0,7,,0.02435483510208599,0.6192465732562071,0.9933821884917138
steady,4500.0,40.0,8,,0.02526231704484849,0.6013211260578737,0.992875672909672
steady,4500.0,50.0,3,,0.01553982688271071,1.0804778854326866,1.0
steady,4500.0,50.0,4,,0.017846857900776794,0.7649717097728673,0.9893951038422019
steady,4500.0,50.0,5,,0.020157101839253087,0.7001492341798886,0.9890179128492714
steady,4500.0,50.0,6,,0.020765850918701072,0.6276501554427615,0.9891845370310066
steady,4500.0,50.0,7,,0.02075735930736716,0.6092168619018653,0.9909586920447113
steady,4500.0,50.0,8,,0.02134481098471391,0.5873014911136661,0.9902835671172441
steady,4500.0,60.0,3,,0.012828867885614296,1.1103316191785273,1.0
steady,4500.0,60.0,4,,0.013176922527097646,0.9892615279283034,0.9990599037551244
steady,4500.0,60.0,5,,0.015238773975955066,0.7736560711380258,0.9905136017852026
steady,4500.0,60.0,6,,0.016980290962316128,0.6819802815613812,0.9854882444083881
steady,4500.0,60.0,7,,0.018363407180303985,0.6329606154122233,0.9836118565515521
steady,4500.0,60.0,8,,0.020017156249573252,0.5938264113822874,0.9815714711445498
steady,4500.0,70.0,3,,0.011402613918979062,1.1034085570233252,1.0
steady,4500.0,70.0,4,,0.012036498662601569,0.7723265224317405,0.994280623934831
steady,4500.0,70.0,5,,0.0124228124036311,0.689118993599189,0.9916574226434405
steady,4500.0,70.0,6,,0.012540690602596645,0.6739992181901445,0.9917011050186845
steady,4500.0,70.0,7,,0.013272734547581978,0.6280667269991462,0.9898878790659114
steady,4500.0,70.0,8,,0.013641808196320482,0.6113034259945834,0.9893423654361322
steady,4500.0,80.0,3,,0.009898178342592703,1.113609910789603,1.0
steady,4500.0,80.0,4,,0.010562543789527007,0.7620669713034399,0.9936014351314293
steady,4500.0,80.0,5,,0.010787988297110897,0.6782369778459856,0.9908714077660276
steady,4500.0,80.0,6,,0.010586590220515921,0.6891345437067402,0.9923924476285203
steady,4500.0,80.0,7,,0.010997643002242439,0.6567662380333841,0.9912681636147824
steady,4500.0,80.0,8,,0.007503255749869095,1.0549870616271335,0.9748226459196084
steady,4500.0,90.0,3,,0.006395334343401569,0.7006227815358523,1.0
steady,4500.0,90.0,4,,0.005998952210078661,0.6164607141801675,0.9999771809703183
steady,4500.0,90.0,5,,0.005796604076315052,0.6095145161495136,0.99996568186589
steady,4500.0,90.0,6,,0.005732898750588358,0.6296498730534875,0.9998632529944378
steady,4500.0,90.0,7,,0.0027812253833753345,4.932192804587698,-0.44032890766996857
steady,4500.0,90.0,8,,0.0070514872883747914,0.67755945108599,0.9997793068379314
steady,4500.0,100.0,3,,0.006123609404754888,0.8445554989158051,1.0
steady,4500.0,100.0,4,,0.005608040514673839,0.7652451371816006,0.9999995358570525
steady,4500.0,100.0,5,,0.005456671441694621,0.7327524350054686,0.9999927785927698
steady,4500.0,100.0,6,,0.006306096916817507,0.7102461433829402,0.999897123664515
steady,4500.0,100.0,7,,0.007609526848305329,0.6039993022910828,0.9998264154008275
steady,4500.0,100.0,8,,0.00595422052854777,0.7231775767171044,0.9997235925283304
