friction_model,x1,n_total,spacing_m,frac_idx,x_true,x_extracted,loc_error_m,P_1d,P_2d,alpha_2d,mu_coda,sigma_coda,PSR_dB,tau_s_ms
steady,3000.0,2,10,1,3000.0,3000.290023201856,0.29002320185600183,0.5885029336323006,2.7049944876376397,1.0,-0.012000333439232437,0.012880347496151554,46.483224613606396,13.793103448275861
steady,3000.0,2,10,2,3010.0,3010.440835266821,0.4408352668210682,0.1218323316644852,1.2409665337159574,0.4587685998575673,-0.012000333439232437,0.012880347496151554,39.7602401390866,13.793103448275861
steady,3000.0,2,20,1,3000.0,3000.290023201856,0.29002320185600183,0.5892251592923234,2.7052892211877584,1.0,-0.01173527823776283,0.014004325776476442,45.756626989183886,27.586206896551722
steady,3000.0,2,20,2,3020.0,3020.591647331786,0.5916473317861346,0.1237373863912326,1.2495961880180024,0.4619085376273989,-0.01173527823776283,0.014004325776476442,39.09134050273683,27.586206896551722
steady,3000.0,2,30,1,3000.0,3000.290023201856,0.29002320185600183,0.5896182362929603,2.7133671830728887,1.0,-0.011674585419267103,0.0139717697135698,45.80243489022276,41.37931034482759
steady,3000.0,2,30,2,3030.0,3029.2923433874707,0.7076566125292629,0.124968532427357,1.2631238421447155,0.4655189500428127,-0.011674585419267103,0.0139717697135698,39.20380200484011,41.37931034482759
steady,3000.0,2,40,1,3000.0,3000.290023201856,0.29002320185600183,0.5897099246138711,2.7215481074505834,1.0,-0.010725388145597812,0.019589792140526963,42.88988682755442,55.172413793103445
steady,3000.0,2,40,2,3040.0,3039.443155452436,0.5568445475641965,0.1258223934272715,1.2762520519601206,0.4689434107250276,-0.010725388145597812,0.019589792140526963,36.35082212344054,55.172413793103445
steady,3000.0,2,50,1,3000.0,3000.290023201856,0.29002320185600183,0.5904662973469954,2.7313023922267043,1.0,-0.01097480463657725,0.019167594389424093,43.110874835175636,68.9655172413793
steady,3000.0,2,50,2,3050.0,3049.5939675174013,0.4060324825986754,0.1270165772222911,1.265551749888168,0.4633510201909289,-0.01097480463657725,0.019167594389424093,36.4692448583512,68.9655172413793
steady,3000.0,2,60,1,3000.0,3000.290023201856,0.29002320185600183,0.5914879438001497,2.730955013053874,1.0,-0.010770923914240376,0.02128050900361424,42.200840579846755,82.75862068965517
steady,3000.0,2,60,2,3060.0,3059.7447795823664,0.25522041763360903,0.1258955741684142,1.289473796235444,0.4721695487738913,-0.010770923914240376,0.02128050900361424,35.72086174782675,82.75862068965517
steady,3000.0,2,70,1,3000.0,3000.290023201856,0.29002320185600183,0.5928438468815922,2.737130531752661,1.0,-0.008877177873201327,0.038385710758568885,37.09064331408742,96.55172413793103
steady,3000.0,2,70,2,3070.0,3069.8955916473315,0.10440835266854265,0.1269129991669147,1.2850618181247209,0.4694923399586135,-0.008877177873201327,0.038385710758568885,30.554884301402858,96.55172413793103
steady,3000.0,2,80,1,3000.0,3000.290023201856,0.29002320185600183,0.5941158006662818,2.732206044337336,1.0,-0.008789261073433674,0.038218817015457006,37.112621029438266,110.34482758620689
steady,3000.0,2,80,2,3080.0,3080.046403712297,0.04640371229697848,0.1262496382681033,1.2934821148522977,0.4734204133444175,-0.008789261073433674,0.038218817015457006,30.648485091647597,110.34482758620689
steady,3000.0,2,90,1,3000.0,3000.290023201856,0.29002320185600183,0.5933221495538811,2.7329431263267274,1.0,-0.008628705187576953,0.03821673931261021,37.11491998717824,124.13793103448276
steady,3000.0,2,90,2,3090.0,3090.197215777262,0.19721577726204487,0.1278254759322823,1.2956471235394056,0.4740849200476589,-0.008628705187576953,0.03821673931261021,30.662316319390165,124.13793103448276
steady,3000.0,2,100,1,3000.0,3000.290023201856,0.29002320185600183,0.5911478579203838,2.7438108528474188,1.0,-0.008598650988400808,0.03784582215555489,37.23390209102175,137.9310344827586
steady,3000.0,2,100,2,3100.0,3100.348027842227,0.34802784222711125,0.1291760105470762,1.2961653797972132,0.4723960394179882,-0.008598650988400808,0.03784582215555489,30.750280630648753,137.9310344827586
steady,3000.0,4,10,1,3000.0,3000.290023201856,0.29002320185600183,0.5830666386931194,2.7381188339228206,1.0,-0.01471206445855017,0.016570885592852178,44.408676306969014,13.793103448275861
steady,3000.0,4,10,2,3010.0,3010.440835266821,0.4408352668210682,0.1236009357097797,1.4213945938551305,0.5191135520655037,-0.01471206445855017,0.016570885592852178,38.75681953689714,13.793103448275861
steady,3000.0,4,10,3,3020.0,3020.591647331786,0.5916473317861346,0.0523529189583626,0.9639954071434772,0.3520648538699067,-0.01471206445855017,0.016570885592852178,35.42614369785843,13.793103448275861
steady,3000.0,4,10,4,3030.0,3029.2923433874707,0.7076566125292629,0.0187950699820964,0.6337949386001847,0.2314709393719649,-0.01471206445855017,0.016570885592852178,31.85137902739795,13.793103448275861
steady,3000.0,4,20,1,3000.0,3000.290023201856,0.29002320185600183,0.596449877292159,2.843533027747177,1.0,-0.013593996693117142,0.017805385995709647,44.107563120364034,27.586206896551722
steady,3000.0,4,20,2,3020.0,3020.591647331786,0.5916473317861346,0.1320845366630655,1.317242555402624,0.4632415176996292,-0.013593996693117142,0.017805385995709647,37.471466549432975,27.586206896551722
steady,3000.0,4,20,3,3040.0,3039.443155452436,0.5568445475641965,0.0244596230099119,0.6137136877841539,0.2158278739144366,-0.013593996693117142,0.017805385995709647,30.938584292857204,27.586206896551722
steady,3000.0,4,20,4,3060.0,3059.7447795823664,0.25522041763360903,0.0156642773489407,0.4497489597755938,0.1581655480653631,-0.013593996693117142,0.017805385995709647,28.307023449047826,27.586206896551722
steady,3000.0,4,30,1,3000.0,3000.290023201856,0.29002320185600183,0.5928025400666196,3.121821177501196,1.0,-0.01161126839434521,0.01792633925176007,44.8505745007225,41.37931034482759
steady,3000.0,4,30,2,3030.0,3029.2923433874707,0.7076566125292629,0.1353297990989184,1.442055016149863,0.4619274885258256,-0.01161126839434521,0.01792633925176007,38.179462134115376,41.37931034482759
steady,3000.0,4,30,3,3060.0,3059.7447795823664,0.25522041763360903,0.0265280436097414,0.5363695473830138,0.1718130273599914,-0.01161126839434521,0.01792633925176007,29.70547486958082,41.37931034482759
steady,3000.0,4,30,4,3090.0,3090.197215777262,0.19721577726204487,0.0120957891588848,0.3235209844584329,0.1036321320356309,-0.01161126839434521,0.01792633925176007,25.434492298100416,41.37931034482759
steady,3000.0,4,40,1,3000.0,3000.290023201856,0.29002320185600183,0.5866324048634366,3.050455566261772,1.0,-0.00944647414227416,0.02043869022892099,43.50508923445587,55.172413793103445
steady,3000.0,4,40,2,3040.0,3039.443155452436,0.5568445475641965,0.1371236029659285,1.513640030048079,0.4962013040901273,-0.00944647414227416,0.02043869022892099,37.445430168777925,55.172413793103445
steady,3000.0,4,40,3,3080.0,3080.046403712297,0.04640371229697848,0.0276159775626673,0.5957070219132494,0.1952846087980451,-0.00944647414227416,0.02043869022892099,29.42824970235352,55.172413793103445
steady,3000.0,4,40,4,3120.0,3120.6496519721577,0.6496519721576988,0.0126875505740724,0.3268113836160571,0.1071352709512019,-0.00944647414227416,0.02043869022892099,24.32438760677584,55.172413793103445
steady,3000.0,4,50,1,3000.0,3000.290023201856,0.29002320185600183,0.5834153268717933,3.063474470422541,1.0,-0.008740567709064638,0.020646676311361387,43.452029229434245,68.9655172413793
steady,3000.0,4,50,2,3050.0,3049.5939675174013,0.4060324825986754,0.1371237884146453,1.541040419006276,0.5030368080050369,-0.008740567709064638,0.020646676311361387,37.50840358662762,68.9655172413793
steady,3000.0,4,50,3,3100.0,3100.348027842227,0.34802784222711125,0.0273954676492427,0.6093870643008155,0.1989202358904474,-0.008740567709064638,0.020646676311361387,29.52456018026892,68.9655172413793
steady,3000.0,4,50,4,3150.0,3149.6519721577724,0.348027842227566,0.0186490423881741,0.4362611943638836,0.142407321678679,-0.008740567709064638,0.020646676311361387,26.67023162972552,68.9655172413793
steady,3000.0,4,60,1,3000.0,3000.290023201856,0.29002320185600183,0.5813100801042217,3.0875232841278337,1.0,-0.007277030701011525,0.025177445732780076,41.7924192759793,82.75862068965517
steady,3000.0,4,60,2,3060.0,3059.7447795823664,0.25522041763360903,0.1386166139520517,1.4644582190748356,0.4743148745155187,-0.007277030701011525,0.025177445732780076,35.336360465889015,82.75862068965517
steady,3000.0,4,60,3,3120.0,3120.6496519721577,0.6496519721576988,0.0281590510043251,0.5924020709393347,0.1918696691243502,-0.007277030701011525,0.025177445732780076,27.538144914062826,82.75862068965517
steady,3000.0,4,60,4,3180.0,3180.104408352668,0.1044083526680879,0.019180544018226,0.4367277923146014,0.1414492303781827,-0.007277030701011525,0.025177445732780076,24.927520382206737,82.75862068965517
steady,3000.0,4,70,1,3000.0,3000.290023201856,0.29002320185600183,0.5730131001041182,3.039887658454606,1.0,-0.005905356155817914,0.03481513595976388,38.83864581575568,96.55172413793103
steady,3000.0,4,70,2,3070.0,3069.8955916473315,0.10440835266854265,0.1307915492286508,1.5270172685933854,0.5023268752535671,-0.005905356155817914,0.03481513595976388,32.87504277195391,96.55172413793103
steady,3000.0,4,70,3,3140.0,3139.501160092808,0.49883990719217763,0.0571179975887876,1.06411342164539,0.3500502456680768,-0.005905356155817914,0.03481513595976388,29.75246607369895,96.55172413793103
steady,3000.0,4,70,4,3210.0,3210.556844547564,0.5568445475641965,0.0210631521434721,0.6931700025009067,0.2280248747262241,-0.005905356155817914,0.03481513595976388,26.055117973216934,96.55172413793103
steady,3000.0,4,80,1,3000.0,3000.290023201856,0.29002320185600183,0.5735282564419341,3.090150687806821,1.0,-0.006396406933957109,0.04966361708965105,35.89678685359021,110.34482758620689
steady,3000.0,4,80,2,3080.0,3080.046403712297,0.04640371229697848,0.1278305012971331,1.581300291184144,0.5117227122365491,-0.006396406933957109,0.04966361708965105,30.094583895700854,110.34482758620689
steady,3000.0,4,80,3,3160.0,3159.802784222737,0.19721577726295436,0.052578304256034,1.157552585415549,0.374594219622701,-0.006396406933957109,0.04966361708965105,27.397912037303918,110.34482758620689
steady,3000.0,4,80,4,3240.0,3239.5591647331785,0.44083526682152296,0.0261115810470165,0.8778313282320602,0.2840739552591479,-0.006396406933957109,0.04966361708965105,25.010515725773228,110.34482758620689
steady,3000.0,4,90,1,3000.0,3000.290023201856,0.29002320185600183,0.5768046898259785,3.147049222406161,1.0,-0.006027630352413951,0.0504474994292088,35.917898244663874,124.13793103448276
steady,3000.0,4,90,2,3090.0,3090.197215777262,0.19721577726204487,0.1278505946962564,1.635703331845632,0.5197577845938524,-0.006027630352413951,0.0504474994292088,30.249246894846543,124.13793103448276
steady,3000.0,4,90,3,3180.0,3180.104408352668,0.1044083526680879,0.0515340216525666,1.2000454683355688,0.3813240224498432,-0.006027630352413951,0.0504474994292088,27.570679731885996,124.13793103448276
steady,3000.0,4,90,4,3270.0,3270.011600928074,0.011600928074130934,0.025140556543692,0.9080057058563726,0.2885260578041205,-0.006027630352413951,0.0504474994292088,25.162447826455313,124.13793103448276
steady,3000.0,4,100,1,3000.0,3000.290023201856,0.29002320185600183,0.5815910344555264,3.1586102046321627,1.0,-0.006187404226546902,0.04777856553250052,36.422256702165825,137.9310344827586
steady,3000.0,4,100,2,3100.0,3100.348027842227,0.34802784222711125,0.1270780014905345,1.7053811517808368,0.5399150389876732,-0.006187404226546902,0.04777856553250052,31.083223851720835,137.9310344827586
steady,3000.0,4,100,3,3200.0,3200.406032482598,0.40603248259822067,0.0493745250152572,1.208857668005572,0.3827182177252384,-0.006187404226546902,0.04777856553250052,28.107185635091657,137.9310344827586
steady,3000.0,4,100,4,3300.0,3300.46403712297,0.46403712296978483,0.0229031381897537,0.9204506347807448,0.2914100110962999,-0.006187404226546902,0.04777856553250052,25.753540351652294,137.9310344827586
steady,3000.0,8,10,1,3000.0,3000.290023201856,0.29002320185600183,0.6244351360422002,3.070730574603771,1.0,-0.014408347350194459,0.017948364247169096,44.70499700465156,13.793103448275861
steady,3000.0,8,10,2,3010.0,3010.440835266821,0.4408352668210682,0.1141542056315735,1.835277871659422,0.5976681532524993,-0.014408347350194459,0.017948364247169096,40.261463725737194,13.793103448275861
steady,3000.0,8,10,3,3020.0,3020.591647331786,0.5916473317861346,0.038663662264169,1.2838499898288591,0.4180926846682144,-0.014408347350194459,0.017948364247169096,37.18672491278835,13.793103448275861
steady,3000.0,8,10,4,3030.0,3029.2923433874707,0.7076566125292629,0.0087001118933152,0.8466735564102128,0.2757238174565226,-0.014408347350194459,0.017948364247169096,33.62039175454515,13.793103448275861
steady,3000.0,8,10,5,3040.0,3039.443155452436,0.5568445475641965,0.0053894628865267,0.53059649054269,0.1727916134782209,-0.014408347350194459,0.017948364247169096,29.647509656746585,13.793103448275861
steady,3000.0,8,10,6,3050.0,3049.5939675174013,0.4060324825986754,0.003021147941592,0.3201932198784802,0.1042726517678276,-0.014408347350194459,0.017948364247169096,25.410061924222962,13.793103448275861
steady,3000.0,8,10,7,3060.0,3059.7447795823664,0.25522041763360903,0.0008002217714288,0.2237787683897277,0.0728747648004263,-0.014408347350194459,0.017948364247169096,22.457867817715783,13.793103448275861
steady,3000.0,8,10,8,3070.0,3069.8955916473315,0.10440835266854265,0.0009672636243555,0.1863921217362502,0.06069960135148,-0.014408347350194459,0.017948364247169096,20.974796968500343,13.793103448275861
steady,3000.0,8,20,1,3000.0,3000.290023201856,0.29002320185600183,0.6202241691697864,3.4196532491553127,1.0,-0.00898433021536965,0.015281117373227146,47.01932938728441,27.586206896551722
steady,3000.0,8,20,2,3020.0,3020.591647331786,0.5916473317861346,0.1308380415626371,1.6159065655277025,0.4725352097984925,-0.00898433021536965,0.015281117373227146,40.533381876244036,27.586206896551722
steady,3000.0,8,20,3,3040.0,3039.443155452436,0.5568445475641965,0.0243421507299056,0.6954398331284949,0.2033655995093289,-0.00898433021536965,0.015281117373227146,33.273582666243556,27.586206896551722
steady,3000.0,8,20,4,3060.0,3059.7447795823664,0.25522041763360903,0.0134748050824168,0.5536832184702141,0.1619120940425697,-0.00898433021536965,0.015281117373227146,31.32193513666765,27.586206896551722
steady,3000.0,8,20,5,3080.0,3080.046403712297,0.04640371229697848,0.0052142097542687,0.4064287296231568,0.1188508600173273,-0.00898433021536965,0.015281117373227146,28.68650068654886,27.586206896551722
steady,3000.0,8,20,6,3100.0,3100.348027842227,0.34802784222711125,0.0027123664581551,0.2739295084377123,0.0801044692193208,-0.00898433021536965,0.015281117373227146,25.3499815969947,27.586206896551722
steady,3000.0,8,20,7,3120.0,3120.6496519721577,0.6496519721576988,0.001116000877501,0.2311263437914965,0.0675876549321446,-0.00898433021536965,0.015281117373227146,23.925127106400254,27.586206896551722
steady,3000.0,8,20,8,3140.0,3139.501160092808,0.49883990719217763,0.0016862187232836,0.1837801443506183,0.0537423332017694,-0.00898433021536965,0.015281117373227146,22.017437746612064,27.586206896551722
steady,3000.0,8,30,1,3000.0,3000.290023201856,0.29002320185600183,0.6232510408406192,3.5546574487296536,1.0,-0.004577658386057493,0.012372987921638344,49.177641750496555,41.37931034482759
steady,3000.0,8,30,2,3030.0,3029.2923433874707,0.7076566125292629,0.1275868324889391,1.8779464607407936,0.5283058882120766,-0.004577658386057493,0.012372987921638344,43.64531920337396,41.37931034482759
steady,3000.0,8,30,3,3060.0,3059.7447795823664,0.25522041763360903,0.0258601027019552,0.7711486068296719,0.2169403431841966,-0.004577658386057493,0.012372987921638344,35.94467814881853,41.37931034482759
steady,3000.0,8,30,4,3090.0,3090.197215777262,0.19721577726204487,0.0121868886376283,0.4181435508266612,0.1176325867844439,-0.004577658386057493,0.012372987921638344,30.671588985632766,41.37931034482759
steady,3000.0,8,30,5,3120.0,3120.6496519721577,0.6496519721576988,0.0073431762963702,0.2786991071391985,0.0784039281306272,-0.004577658386057493,0.012372987921638344,27.1947273199837,41.37931034482759
steady,3000.0,8,30,6,3150.0,3149.6519721577724,0.348027842227566,0.0045015094009187,0.2141034864544393,0.0602318196739195,-0.004577658386057493,0.012372987921638344,24.946734997454296,41.37931034482759
steady,3000.0,8,30,7,3180.0,3180.104408352668,0.1044083526680879,0.0028907550589978,0.1641537722234373,0.0461799131396196,-0.004577658386057493,0.012372987921638344,22.694427995477913,41.37931034482759
steady,3000.0,8,30,8,3210.0,3210.556844547564,0.5568445475641965,0.002520906458769,0.1235222816076472,0.0347494191463627,-0.004577658386057493,0.012372987921638344,20.301486746670555,41.37931034482759
steady,3000.0,8,40,1,3000.0,3000.290023201856,0.29002320185600183,0.626999438228509,3.355344194438175,1.0,-0.004762611909140951,0.014607483828144734,47.23555336346678,55.172413793103445
steady,3000.0,8,40,2,3040.0,3039.443155452436,0.5568445475641965,0.1222912810263008,1.615544416331275,0.4814839619163973,-0.004762611909140951,0.014607483828144734,40.9004380324392,55.172413793103445
steady,3000.0,8,40,3,3080.0,3080.046403712297,0.04640371229697848,0.0255402906797484,0.762224456477227,0.2271672926255052,-0.004762611909140951,0.014607483828144734,34.40425255016133,55.172413793103445
steady,3000.0,8,40,4,3120.0,3120.6496519721577,0.6496519721576988,0.0114633179075401,0.4201347738528299,0.1252136143139193,-0.004762611909140951,0.014607483828144734,29.274172897299703,55.172413793103445
steady,3000.0,8,40,5,3160.0,3159.802784222737,0.19721577726295436,0.0052165874293668,0.3094594296898217,0.0922288181948016,-0.004762611909140951,0.014607483828144734,26.653224637273212,55.172413793103445
steady,3000.0,8,40,6,3200.0,3200.406032482598,0.40603248259822067,0.0042319620147258,0.2211856534287315,0.0659204065548235,-0.004762611909140951,0.014607483828144734,23.788671946266547,55.172413793103445
steady,3000.0,8,40,7,3240.0,3239.5591647331785,0.44083526682152296,0.0030469380281606,0.1802185059137707,0.0537108849257555,-0.004762611909140951,0.014607483828144734,22.051039706791723,55.172413793103445
steady,3000.0,8,40,8,3280.0,3280.162412993039,0.16241299303919732,0.0019772474766566,0.1374770572401273,0.040972564742541,-0.004762611909140951,0.014607483828144734,19.768906385533377,55.172413793103445
steady,3000.0,8,50,1,3000.0,3000.290023201856,0.29002320185600183,0.6288457312935405,2.811514698505992,1.0,-0.004396448230416749,0.015207781530308686,45.35106163957429,68.9655172413793
steady,3000.0,8,50,2,3050.0,3049.5939675174013,0.4060324825986754,0.119408617234561,1.43297034579479,0.5096791229852914,-0.004396448230416749,0.015207781530308686,39.510034852170904,68.9655172413793
steady,3000.0,8,50,3,3100.0,3100.348027842227,0.34802784222711125,0.0231550380104289,0.6673175503418808,0.237351613596929,-0.004396448230416749,0.015207781530308686,32.90237068290039,68.9655172413793
steady,3000.0,8,50,4,3150.0,3149.6519721577724,0.348027842227566,0.0112390903883457,0.5314383410888464,0.1890220746031478,-0.004396448230416749,0.015207781530308686,30.93930083953739,68.9655172413793
steady,3000.0,8,50,5,3200.0,3200.406032482598,0.40603248259822067,0.0065002678262211,0.3634536915472147,0.129273267445605,-0.004396448230416749,0.015207781530308686,27.67210120850155,68.9655172413793
steady,3000.0,8,50,6,3250.0,3249.7099767981435,0.2900232018564566,0.0036342162928766,0.2859086859357209,0.1016920473820214,-0.004396448230416749,0.015207781530308686,25.61577703195622,68.9655172413793
steady,3000.0,8,50,7,3300.0,3300.46403712297,0.46403712296978483,0.0028757745954305,0.2141116468424559,0.0761552649737995,-0.004396448230416749,0.015207781530308686,23.148033318801634,68.9655172413793
steady,3000.0,8,50,8,3350.0,3349.7679814385147,0.23201856148534716,0.0020724087708198,0.1674003431227018,0.059540980956513,-0.004396448230416749,0.015207781530308686,21.05898366556969,68.9655172413793
steady,3000.0,8,60,1,3000.0,3000.290023201856,0.29002320185600183,0.6243588743837567,2.9139635854332573,1.0,-0.003404260349670077,0.017378283836430333,44.49968611604806,82.75862068965517
steady,3000.0,8,60,2,3060.0,3059.7447795823664,0.25522041763360903,0.1266767560414907,1.6396092029443328,0.5626731957601147,-0.003404260349670077,0.017378283836430333,39.51268471951531,82.75862068965517
steady,3000.0,8,60,3,3120.0,3120.6496519721577,0.6496519721576988,0.0240855696812767,0.8054703791947914,0.2764174484613648,-0.003404260349670077,0.017378283836430333,33.357486661956,82.75862068965517
steady,3000.0,8,60,4,3180.0,3180.104408352668,0.1044083526680879,0.0118324326154017,0.6182970205609619,0.2121841960042996,-0.003404260349670077,0.017378283836430333,31.07149751919995,82.75862068965517
steady,3000.0,8,60,5,3240.0,3239.5591647331785,0.44083526682152296,0.0052070874973076,0.4551618748600947,0.1562002617793248,-0.003404260349670077,0.017378283836430333,28.427901860659915,82.75862068965517
steady,3000.0,8,60,6,3300.0,3300.46403712297,0.46403712296978483,0.0030823474282698,0.2943217083977034,0.1010039074849807,-0.003404260349670077,0.017378283836430333,24.6761966170319,82.75862068965517
steady,3000.0,8,60,7,3360.0,3359.91879350348,0.08120649651982603,0.0020723261241506,0.2471500658459083,0.0848157702043353,-0.003404260349670077,0.017378283836430333,23.177900393761824,82.75862068965517
steady,3000.0,8,60,8,3420.0,3419.3735498839906,0.6264501160094369,0.0022786533488101,0.1730020267057714,0.0593700029645528,-0.003404260349670077,0.017378283836430333,20.130143459364756,82.75862068965517
steady,3000.0,8,70,1,3000.0,3000.290023201856,0.29002320185600183,0.6107236307685979,3.019114358320824,1.0,-0.002408004035560268,0.018820126499056882,44.11206549236327,96.55172413793103
steady,3000.0,8,70,2,3070.0,3069.8955916473315,0.10440835266854265,0.1214449022953495,1.892825520689944,0.6269472752740305,-0.002408004035560268,0.018820126499056882,40.06080383604571,96.55172413793103
steady,3000.0,8,70,3,3140.0,3139.501160092808,0.49883990719217763,0.0440020396819297,1.3678913812679063,0.4530770348257701,-0.002408004035560268,0.018820126499056882,37.24385849414031,96.55172413793103
steady,3000.0,8,70,4,3210.0,3210.556844547564,0.5568445475641965,0.0104968524838306,0.9200955973557852,0.3047567889636104,-0.002408004035560268,0.018820126499056882,33.80691064177803,96.55172413793103
steady,3000.0,8,70,5,3280.0,3280.162412993039,0.16241299303919732,0.0060501955551633,0.5769834000733391,0.1911101507245478,-0.002408004035560268,0.018820126499056882,29.766990189816237,96.55172413793103
steady,3000.0,8,70,6,3350.0,3349.7679814385147,0.23201856148534716,0.0043207566045409,0.3345435575597218,0.1108085080108687,-0.002408004035560268,0.018820126499056882,25.058898704796967,96.55172413793103
steady,3000.0,8,70,7,3420.0,3419.3735498839906,0.6264501160094369,0.0025637342475055,0.2347285327866494,0.0777474798659833,-0.002408004035560268,0.018820126499056882,22.00751869746248,96.55172413793103
steady,3000.0,8,70,8,3490.0,3490.429234338747,0.4292343387469373,0.0023643455761234,0.1869117834541857,0.0619094745248877,-0.002408004035560268,0.018820126499056882,20.051469402036105,96.55172413793103
steady,3000.0,8,80,1,3000.0,3000.290023201856,0.29002320185600183,0.6133925907694612,3.014694557015266,1.0,-0.002633976078827316,0.02467668183281184,41.74671676142273,110.34482758620689
steady,3000.0,8,80,2,3080.0,3080.046403712297,0.04640371229697848,0.1194247097361732,1.921445507093314,0.6373599284285915,-0.002633976078827316,0.02467668183281184,37.83872494150976,110.34482758620689
steady,3000.0,8,80,3,3160.0,3159.802784222737,0.19721577726295436,0.0390564385421502,1.468335619251728,0.4870594985601033,-0.002633976078827316,0.02467668183281184,35.506338689124206,110.34482758620689
steady,3000.0,8,80,4,3240.0,3239.5591647331785,0.44083526682152296,0.014424080064101,1.1705062295905415,0.3882669396363043,-0.002633976078827316,0.02467668183281184,33.541263150740136,110.34482758620689
steady,3000.0,8,80,5,3320.0,3319.3155452436195,0.6844547563805463,0.0070651762885456,0.9334287261690336,0.309626301608872,-0.002633976078827316,0.02467668183281184,31.580363587831744,110.34482758620689
steady,3000.0,8,80,6,3400.0,3400.522041763341,0.5220417633408942,0.0054376757392905,0.7332576348388056,0.2432278365091739,-0.002633976078827316,0.02467668183281184,29.49054180936162,110.34482758620689
steady,3000.0,8,80,7,3480.0,3480.278422273782,0.2784222737818709,0.0054913342349789,0.5643886855854825,0.1872125599829464,-0.002633976078827316,0.02467668183281184,27.226273094071686,110.34482758620689
steady,3000.0,8,80,8,3560.0,3560.0348027842224,0.0348027842223928,0.0055363257885608,0.4252084334164581,0.1410452785098868,-0.002633976078827316,0.02467668183281184,24.779941396858867,110.34482758620689
steady,3000.0,8,90,1,3000.0,3000.290023201856,0.29002320185600183,0.6152976022598395,3.0019434368518176,1.0,-0.0019002102379278778,0.030165130282533956,39.963442362320706,124.13793103448276
steady,3000.0,8,90,2,3090.0,3090.197215777262,0.19721577726204487,0.1183362052332059,1.8891389106061796,0.6293052984993439,-0.0019002102379278778,0.030165130282533956,35.94390616067841,124.13793103448276
steady,3000.0,8,90,3,3180.0,3180.104408352668,0.1044083526680879,0.0374007460327383,1.414475839509734,0.4711867059670903,-0.0019002102379278778,0.030165130282533956,33.43346738136206,124.13793103448276
steady,3000.0,8,90,4,3270.0,3270.011600928074,0.011600928074130934,0.013462855005778,1.114682963995525,0.3713204420548674,-0.0019002102379278778,0.030165130282533956,31.367717476504563,124.13793103448276
steady,3000.0,8,90,5,3360.0,3359.91879350348,0.08120649651982603,0.006919645304722,0.8935270244070462,0.2976495204533571,-0.0019002102379278778,0.030165130282533956,29.450501881192544,124.13793103448276
steady,3000.0,8,90,6,3450.0,3449.825986078886,0.174013921113783,0.0064045236949716,0.7178680141771924,0.2391344238417866,-0.0019002102379278778,0.030165130282533956,27.55374929181288,124.13793103448276
steady,3000.0,8,90,7,3540.0,3539.7331786542923,0.26682134570773997,0.007173208681676,0.5767559181175916,0.1921275101447094,-0.0019002102379278778,0.030165130282533956,25.65830703175457,124.13793103448276
steady,3000.0,8,90,8,3630.0,3629.6403712296974,0.3596287703026064,0.00733289167982,0.4603922112333978,0.1533647188623307,-0.0019002102379278778,0.030165130282533956,23.70823137166875,124.13793103448276
steady,3000.0,8,100,1,3000.0,3000.290023201856,0.29002320185600183,0.6120631783160682,3.0098355350674755,1.0,-0.0015757018584862095,0.027115309828945,40.911109908337,137.9310344827586
steady,3000.0,8,100,2,3100.0,3100.348027842227,0.34802784222711125,0.1189942444772314,1.8327830276953323,0.608931287554303,-0.0015757018584862095,0.027115309828945,36.60539399256247,137.9310344827586
steady,3000.0,8,100,3,3200.0,3200.406032482598,0.40603248259822067,0.0379222030858895,1.3392814560227024,0.4449683181751251,-0.0015757018584862095,0.027115309828945,33.8833588705807,137.9310344827586
steady,3000.0,8,100,4,3300.0,3300.46403712297,0.46403712296978483,0.0135794529412984,1.0896268898534287,0.3620220696972405,-0.0015757018584862095,0.027115309828945,32.09381635211491,137.9310344827586
steady,3000.0,8,100,5,3400.0,3400.522041763341,0.5220417633408942,0.0063849302599076,0.9404459460378976,0.3124575861640275,-0.0015757018584862095,0.027115309828945,30.816926238110458,137.9310344827586
steady,3000.0,8,100,6,3500.0,3500.580046403712,0.5800464037120037,0.0053732840515083,0.6929946186546595,0.2302433507015936,-0.0015757018584862095,0.027115309828945,28.170033009156935,137.9310344827586
steady,3000.0,8,100,7,3600.0,3600.638051044083,0.6380510440831131,0.0060016963433875,0.5365593086111063,0.1782686470272793,-0.0015757018584862095,0.027115309828945,25.953533529714704,137.9310344827586
steady,3000.0,8,100,8,3700.0,3700.696055684455,0.696055684455132,0.0063434146274031,0.4431967650425221,0.1472494958209025,-0.0015757018584862095,0.027115309828945,24.298466474693143,137.9310344827586
